prot_name,confidence_score,ptm,iptm,ligand_iptm,protein_iptm,complex_plddt,complex_iplddt,complex_pde,complex_ipde,mean_mut_plddt
boltz_results_AcrR_4,0.8343356251716614,0.9176341891288757,0.9130924940109253,0.9467540979385376,0.9060428738594055,0.8146463632583618,0.7975892424583435,0.4561971127986908,0.8371007442474365,0.7751947641372681
boltz_results_AcrR_36,0.8906101584434509,0.9337337613105774,0.9291427731513977,0.9516852498054504,0.9250180721282959,0.8809769749641418,0.8907842040061951,0.4242086112499237,0.7474585175514221,0.8945309519767761
boltz_results_AcrR_56,0.8962408304214478,0.9467780590057373,0.9436252117156982,0.958605945110321,0.9414142966270447,0.8843947649002075,0.8998960852622986,0.3917272984981537,0.6649177670478821,0.9092680215835571
boltz_results_AcrR_51,0.8887333869934082,0.9263742566108704,0.9224516153335571,0.9526745080947876,0.9170143008232117,0.8803038597106934,0.896212100982666,0.4496641457080841,0.769454836845398,0.8879503607749939
boltz_results_AcrR_1,0.8508341908454895,0.9220909476280212,0.9179920554161072,0.9547758102416992,0.9102886319160461,0.8340446949005127,0.826032280921936,0.45055529475212097,0.7726773023605347,0.7923747897148132
boltz_results_AcrR_50,0.9001042246818542,0.9472333788871765,0.9430446028709412,0.9611167311668396,0.9404109120368958,0.8893691301345825,0.9014690518379211,0.3923853635787964,0.6525213718414307,0.9021961688995361
boltz_results_AcrR_37,0.8803809285163879,0.9184420704841614,0.9143405556678772,0.9457826018333435,0.9082761406898499,0.8718909621238708,0.8787879943847656,0.467782586812973,0.8167760372161865,0.8710618019104004
boltz_results_AcrR_20,0.8482999205589294,0.933158814907074,0.927717387676239,0.9665469527244568,0.919681191444397,0.8284454941749573,0.8203155398368835,0.4011217951774597,0.6260440349578857,0.8332311511039734
boltz_results_AcrR_55,0.8944805264472961,0.9379689693450928,0.9344209432601929,0.9600827097892761,0.9293248653411865,0.8844953775405884,0.8964318037033081,0.4039316177368164,0.6649028658866882,0.9080670475959778
boltz_results_AcrR_22,0.8798497319221497,0.9420992732048035,0.9394397139549255,0.9749130606651306,0.9320188760757446,0.8649522066116333,0.8746063113212585,0.37754026055336,0.6005300283432007,0.8776859641075134
boltz_results_AcrR_8,0.861046314239502,0.9282291531562805,0.9248579740524292,0.964928925037384,0.9166268110275269,0.8450934290885925,0.840844988822937,0.4214644134044647,0.6990265846252441,0.8321323394775391
boltz_results_AcrR_24,0.8807615637779236,0.9295254349708557,0.9264343976974487,0.9635578989982605,0.9186598062515259,0.8693432807922363,0.870548665523529,0.40890413522720337,0.6990724205970764,0.8903514742851257
boltz_results_AcrR_5,0.8797045946121216,0.9227064847946167,0.920307457447052,0.9652231335639954,0.9110071659088135,0.8695538640022278,0.873357355594635,0.42348283529281616,0.7143375873565674,0.8663256764411926
boltz_results_AcrR_52,0.8982753753662109,0.9445152878761292,0.9412872791290283,0.9598904848098755,0.9383096694946289,0.8875223994255066,0.8942850232124329,0.377856582403183,0.6421951055526733,0.9036960005760193
boltz_results_AcrR_6,0.8583845496177673,0.9098422527313232,0.9062361717224121,0.9579928517341614,0.8954719305038452,0.8464216589927673,0.850744366645813,0.47807127237319946,0.8337603211402893,0.8352394700050354
boltz_results_AcrR_40,0.8769303560256958,0.9154268503189087,0.9104615449905396,0.939507007598877,0.9044626355171204,0.8685474991798401,0.8756038546562195,0.47751933336257935,0.8719288110733032,0.8907414078712463
boltz_results_AcrR_2,0.8439366221427917,0.9254805445671082,0.9204016923904419,0.9452023506164551,0.9154395461082458,0.824820339679718,0.8058551549911499,0.45817020535469055,0.8365209698677063,0.7950869798660278
boltz_results_AcrR_3,0.8675905466079712,0.9037724137306213,0.9003409743309021,0.9486137628555298,0.8902314901351929,0.8594028949737549,0.8604300618171692,0.4895782470703125,0.8745751976966858,0.8478710651397705
boltz_results_AcrR_34,0.8863758444786072,0.9210724830627441,0.9161320924758911,0.937824547290802,0.9126434922218323,0.878936767578125,0.8795969486236572,0.46629613637924194,0.8588829040527344,0.8744243383407593
boltz_results_AcrR_7,0.8758412599563599,0.9191861152648926,0.9149832725524902,0.9584543108940125,0.9060837030410767,0.8660557270050049,0.8693859577178955,0.4463564455509186,0.7928268909454346,0.8777531981468201
boltz_results_AcrR_21,0.8835294842720032,0.9209078550338745,0.9172908067703247,0.9634671211242676,0.9076672196388245,0.8750891089439392,0.8844125866889954,0.4373379349708557,0.7393068075180054,0.8906006813049316
boltz_results_AcrR_33,0.8883468508720398,0.9376744031906128,0.9339625239372253,0.9651776552200317,0.9277282357215881,0.8769429922103882,0.887188196182251,0.3995245695114136,0.6542369723320007,0.8705487847328186
boltz_results_AcrR_35,0.8869419097900391,0.937084972858429,0.9326858520507812,0.9536548852920532,0.928478479385376,0.8755058646202087,0.8823757171630859,0.4116874039173126,0.7399139404296875,0.8928002119064331
boltz_results_AcrR_49,0.9044836163520813,0.9512583017349243,0.9487436413764954,0.966615617275238,0.9453836679458618,0.8934186100959778,0.8997828960418701,0.35605189204216003,0.580410361289978,0.9052348732948303
boltz_results_AcrR_39,0.9009270071983337,0.9373759031295776,0.9344565868377686,0.965416431427002,0.928148627281189,0.8925445675849915,0.9120718836784363,0.3895203173160553,0.6264851689338684,0.9091269373893738
boltz_results_AcrR_54,0.8966608047485352,0.9315181374549866,0.9280585646629333,0.9521937370300293,0.9239631295204163,0.8888113498687744,0.9032377600669861,0.43378549814224243,0.7502885460853577,0.911164402961731
boltz_results_AcrR_53,0.893058717250824,0.9330499768257141,0.9291656613349915,0.9535898566246033,0.9249605536460876,0.8840318918228149,0.8966549038887024,0.4186348021030426,0.708403468132019,0.9056978225708008
boltz_results_AcrR_19,0.8705951571464539,0.9088537693023682,0.9039984941482544,0.9378951191902161,0.8968997001647949,0.8622443675994873,0.8535115122795105,0.47438326478004456,0.9162977933883667,0.8664135932922363
boltz_results_AcrR_18,0.8658440709114075,0.9200774431228638,0.9157153367996216,0.9582319259643555,0.906830906867981,0.8533762097358704,0.8586364984512329,0.43900808691978455,0.7276293635368347,0.8618690371513367
boltz_results_AcrR_38,0.8778131604194641,0.9170102477073669,0.9118819236755371,0.9426495432853699,0.9057213664054871,0.8692960143089294,0.8793200850486755,0.4668288826942444,0.8630898594856262,0.8903015851974487
boltz_results_AcrR_23,0.8858291506767273,0.9296396970748901,0.9268823862075806,0.9661121368408203,0.9186667203903198,0.8755658268928528,0.8829122185707092,0.41201165318489075,0.6788060665130615,0.8885496854782104
boltz_results_AcrR_17,0.8789273500442505,0.9373316764831543,0.9329114556312561,0.9551154375076294,0.9284359812736511,0.8654313087463379,0.8550146222114563,0.39790016412734985,0.7252258062362671,0.8586587309837341
