residue_index,rmsf_mean,rmsf_std,perres_rmsd_mean,perres_rmsd_std,rel_rmsf_z,rel_rmsf_minmax,rel_perres_rmsd_z,rel_perres_rmsd_minmax
1,18.28149363545056,1.0769326828766448,17.051331956624427,1.0731105308274105,7.417111902236052,1.0,7.592237370215215,1.0
2,16.85930975193751,0.9395363400873288,15.761696999833552,0.8404839874532872,6.772410632841828,0.9194472551263279,6.952748449378454,0.92174767734572
3,15.55422223597302,0.8973685347967846,14.65892440150251,0.8778046140455582,6.18079123118297,0.8455268690707525,6.405918623526094,0.8548337675416352
4,14.545853654992413,1.3378154341505484,13.739598430949208,1.3610938390735763,5.723679804375353,0.7884126955915026,5.950054140549248,0.7990510112714345
5,12.27197270074837,1.5911660913296561,11.519517668056457,1.5685530182088387,4.692889092536271,0.6596196790879922,4.849186764275919,0.6643412042352291
6,10.282754919953433,1.572452881155004,9.66752646440341,1.5897896442779755,3.7911412642511055,0.5469500347106894,3.930843282667496,0.5519662934451465
7,8.530633593158372,1.2008715122969351,8.00630770631142,1.1983412453717353,2.9968734789017413,0.4477095751180762,3.107097783763268,0.451167051323923
8,6.4336248277397985,0.8044204675210126,5.908027296051169,0.7518296686092256,2.046262078597708,0.3289346304454124,2.066627324968289,0.32384783217727114
9,5.189905006770439,0.6058855615579213,4.822926199111515,0.678611467784683,1.4824617454304914,0.258490121409493,1.5285602341013902,0.25800619171683487
10,3.933991083465447,0.20863881463411663,3.6036083760224145,0.27548111251385127,0.9131336086184426,0.18735493627620467,0.9239393413918893,0.18402056407231768
11,2.588281543208906,0.5143939793103403,2.3078465533875048,0.4205051254454051,0.30309952027240594,0.1111337116321855,0.28141230282570256,0.10539647615193476
12,2.3976804486095706,0.37974333376000646,2.1455548196871916,0.310329266039242,0.2166966513743401,0.100338032167743,0.20093699847834243,0.0955489568653598
13,1.9919896890583333,0.20889338631159246,1.7945511549721171,0.1518894820888242,0.0327898087386918,0.07735963631430887,0.026885454995879392,0.07425079657629072
14,1.8631847967849915,0.18646512363630754,1.6886965112712806,0.1440944921275118,-0.02559974166718422,0.07006410459998107,-0.02560449303891536,0.06782776059257013
15,2.0421472331716317,0.25529590619798,1.831537607153595,0.19414011848764368,0.055527116293930714,0.08020056841970451,0.04522585920605244,0.07649505629854902
16,1.8894470301230772,0.23710957446220074,1.6869794032003507,0.1702168813733604,-0.01369460382497506,0.07155160210745529,-0.026455952268875694,0.06772357010510613
17,1.5358849635155885,0.162917909832315,1.384287598794267,0.1250891958063553,-0.1739705820539195,0.05152578457527398,-0.17655118218374455,0.04935687135949201
18,1.642982741113592,0.14541305606029226,1.4866922986797781,0.1054254578188226,-0.1254212531189178,0.057591821502987556,-0.12577195146146733,0.05557057204630982
19,1.7838416522627394,0.2554489273490889,1.5948496597620458,0.178572000293228,-0.06156740139404677,0.0655700949629233,-0.07214015918191995,0.06213333205237061
20,1.5984610405029367,0.2854274086596833,1.4373993012491049,0.23107710877835638,-0.14560373249590033,0.05507010456314064,-0.15021477969418723,0.0525795771766142
21,1.4258094049505832,0.19488274410395584,1.2968024973361978,0.16653178669953844,-0.22386979210602523,0.045291085610741334,-0.21993225899631066,0.044048460362495906
22,1.6329337959492463,0.22563628241693423,1.47762718055401,0.17629623511581946,-0.12997661883402029,0.0570226474844538,-0.13026705496108912,0.05502051984375325
23,1.7486325326094458,0.39091344361249863,1.5620379164655844,0.32931522145724484,-0.07752832205830008,0.06357584424363344,-0.08841045815368509,0.060142384839158194
24,1.6013987007445891,0.381863974536605,1.4441360536034222,0.35498845002890345,-0.14427203881774955,0.0552364941550314,-0.14687423865943805,0.05298834906674955
25,1.6191868940054246,0.29862580683104023,1.4734353173647199,0.2809209478512494,-0.13620833418121395,0.05624402054463171,-0.1323456664728963,0.05476616644779136
26,1.870549759888533,0.39562065440979066,1.682968382770553,0.3568060894385426,-0.022261072795360187,0.0704812574033289,-0.028444889613198486,0.06748018986545563
27,2.0422949234342362,0.5673420603995829,1.8140806389359143,0.5043752074164592,0.05559406691886896,0.08020893362211035,0.0365695043919851,0.0754358043743187
28,1.8536886749710473,0.5219878102364901,1.6604526608779624,0.48251389428497365,-0.029904502717245606,0.0695262425930805,-0.03960971933430248,0.06611398346336074
29,1.84632181835551,0.5128425594963141,1.6655602216084162,0.47305803044650335,-0.033244029951762046,0.06910898254088076,-0.03707704256214534,0.06642389945016863
30,2.2119474004281656,0.6289342201378982,1.9824762697473624,0.5573213547705488,0.132500554569175,0.08981807970715888,0.12007153700531237,0.08565369523284422
31,2.2463457701491456,0.6434087172334334,1.9965704325108,0.5643745111926519,0.14809394785769073,0.09176640940792849,0.12706038364616065,0.0865088992316959
32,2.0619666821650067,0.5846686888888328,1.8380985750512535,0.5051090468220556,0.06451162531055653,0.08132314549065009,0.04847923432466648,0.07689316195949478
33,2.267293145190564,0.5888500957021398,2.031732267609707,0.49406823031383695,0.15758976582907716,0.09295287240828004,0.14449601832994233,0.08864244504695751
34,2.204062768957004,0.4917867043376841,1.9699076668800295,0.4002601857814078,0.1289263107761662,0.08937149279622403,0.11383916695227274,0.08489105898317599
35,2.5068738834205733,0.5663238710381996,2.2230325605786163,0.45497847094922383,0.2661959790268763,0.10652276748796288,0.2393557437601995,0.10025014238055953
36,2.316289711440211,0.5568474051633827,2.050119813918212,0.44961204919779635,0.17980078145321515,0.09572804652363034,0.15361381719522887,0.08975816248232706
37,2.027946804509502,0.4451149214651109,1.7987197760192999,0.3481536646059983,0.04908980921251275,0.07939625364692583,0.02895254146930583,0.07450373968820767
38,2.3208968524358866,0.46195955982372594,2.0528108153304516,0.3531073576070115,0.18188928047406838,0.09598899579856163,0.15494819913022662,0.0899214467587534
39,2.5356775386969974,0.5185905339350682,2.2389285588810393,0.4018039378555705,0.27925318867126747,0.1081542115802554,0.24723806328520273,0.10121467795050747
40,2.284016443595412,0.44295044900776037,2.0247322605213682,0.32904505488347124,0.16517073467217178,0.09390008296625964,0.14102493765304236,0.08821769941613031
41,2.269030673640831,0.3752038167337048,2.014628982032821,0.27231177997760275,0.15837741840374187,0.09305128632478384,0.13601504347831267,0.08760465383762088
42,2.663131307806272,0.4517646410559149,2.355098615832127,0.33538461099270017,0.3370302508967611,0.115373215441336,0.3048430963699587,0.10826363140158606
43,2.683063906121356,0.4161705509777282,2.3744053350395466,0.3012807781651567,0.34606605251498546,0.1165022013097303,0.3144166838148695,0.1094351223051624
44,2.8019925281067315,0.4482930649393699,2.4718217995287497,0.33521423466937844,0.39997851380084976,0.12323833934084126,0.3627224073995901,0.11534614741417275
45,2.6516903338723914,0.40621954325179244,2.3609973350002202,0.3108728990030384,0.3318438537621944,0.11472519666887902,0.30776808342560563,0.1086215532097365
46,2.7791572711948835,0.3700877205298589,2.479454589583176,0.29014494767385424,0.3896268853731349,0.12194494637986839,0.36650726500536157,0.11580928897756339
47,2.5961336073695125,0.2881734343355938,2.320369410353738,0.21972457994429545,0.30665900072383895,0.11157845392493222,0.2876219889426618,0.10615633663703945
48,2.252104760341579,0.2928463963012539,2.022059057855063,0.22666282179506833,0.15070460062245097,0.09209259962360943,0.13969938154954828,0.08805549512997748
49,2.4101906339518706,0.2977119557775275,2.179208176371492,0.24235721361599177,0.2223677410724001,0.10104661126210832,0.21762462673721858,0.09759097139962192
50,2.5031467178335345,0.20264153737571028,2.256792946287621,0.1655195055478863,0.26450638852239755,0.10631166017468562,0.2560964443052648,0.10229865120976178
51,2.1276537743429778,0.16877981234640516,1.9332007162812397,0.14603850467555254,0.09428875343082802,0.08504367392515541,0.09563735867930201,0.08266375882603781
52,2.0049624891113225,0.22806704025065316,1.8236394950080241,0.2049642023167558,0.0386706099196896,0.07809441798711497,0.04130943682154522,0.0760158155516071
53,2.33842763059697,0.27735039366499503,2.1356377212040454,0.24266800034102523,0.18983629426387502,0.09698194215171424,0.19601942504143732,0.09494720829595958
54,2.1891151346359425,0.3692153194081989,2.004790513683328,0.3228122302256122,0.12215028206922829,0.08852485616372674,0.13113646022157485,0.08700767637849229
55,1.9557528554219619,0.39799852996536217,1.786543383820229,0.35109338301921394,0.01636300703251032,0.07530717569456824,0.022914656201023884,0.07376490195268459
56,1.9119971854067401,0.35092010688105035,1.7581097244927992,0.3270222740947262,-0.003472217040150459,0.07282884686214873,0.00881530969758799,0.07203960761864406
57,1.7253165769007248,0.2712618609072051,1.5882974654600188,0.25257629552534194,-0.08809785980711822,0.06225522441840308,-0.07538918375375891,0.06173575875465881
58,1.5538115035242435,0.25227767933521106,1.4188790979024806,0.23433383938899421,-0.16584416237401303,0.05254114694896215,-0.15939835896167343,0.051455810392632764
59,1.4884081571688401,0.25926828918524886,1.3650343213149576,0.25648920420941074,-0.19549266346221406,0.04883668992766805,-0.18609826957694933,0.04818862318699181
60,1.4464109351119083,0.18835692063311288,1.3245751651841122,0.1930008882985229,-0.21453075177485426,0.04645795989635987,-0.20616067712556535,0.045733647131016145
61,1.3228695643139146,0.11409446764888917,1.1968741205247158,0.12115146414427427,-0.2705342542048115,0.03946055496258134,-0.2694835599374391,0.037985017724411006
62,1.268654797893516,0.10648439069966938,1.1545556643688761,0.10960854918750758,-0.2951107728507715,0.03638982107333177,-0.29046793517949765,0.03541722327381846
63,1.2816698067365444,0.04298362525740938,1.1657996658716832,0.05532146612576167,-0.28921083767392874,0.03712699345941684,-0.28489239277577005,0.03609948551313642
64,1.3020126233779006,0.03419463236213835,1.1739362306199275,0.030432920835481936,-0.27998907678648305,0.038279214165838606,-0.28085772933649655,0.036593195059876245
65,1.266223871086607,0.05665686988040976,1.1378267025329547,0.04410742387972495,-0.29621275524305357,0.036252132952158705,-0.2987632948042039,0.03440214523769483
66,1.151059114216435,0.06794676403535677,1.0421694419833076,0.05091721664484013,-0.34841898947506716,0.029729180902044072,-0.3461966851577923,0.028597864904458377
67,1.1235279318234161,0.03305040725691705,1.0214868393969965,0.026489360150511496,-0.3608993645112819,0.028169809897292394,-0.3564525293704275,0.027342888306319597
68,1.1575535040635978,0.07074576170530236,1.0452637639727032,0.06883741366556057,-0.3454749669566399,0.030097024283292646,-0.34466230938788917,0.02878562182081318
69,1.0906551366358928,0.06671987344900637,0.9945190986857678,0.05535124366213735,-0.37580118770842136,0.026307889005962908,-0.36982497349813864,0.0257065428146905
70,0.9929901485303808,0.06745161890815708,0.9015016478993195,0.06415827494566839,-0.420074465261997,0.020776126931342728,-0.4159493662258539,0.020062440556845074
71,1.099259373260676,0.12232571784682561,0.9827342501850497,0.11969305192102453,-0.3719007340902412,0.026795234479149395,-0.3756687047108085,0.024991463122988607
72,1.1686011253452433,0.1332820300149028,1.0443966063345458,0.12259027786479042,-0.340466883581043,0.030722763492460933,-0.3450923052555574,0.028733004528659383
73,1.044953903786426,0.11525087300579737,0.9419332629378573,0.10309176930426736,-0.3965183700450344,0.02371936315300375,-0.3959006154281701,0.022515745477566407
74,1.0623000701154683,0.13126753174172795,0.9449443199320967,0.12238530091320354,-0.3886550440847987,0.02470185305957483,-0.3944075281187073,0.02269845005005254
75,1.262473527075836,0.15872783130563317,1.1150061822047939,0.14406181864769613,-0.2979128529395881,0.03603971280889152,-0.31007926436655453,0.03301744431092911
76,1.2730287800304338,0.16290208100154419,1.13493744905915,0.14117395737437247,-0.2931279688908413,0.03663756418956425,-0.30019598362537614,0.03422683144531379
77,1.1380074180499835,0.15202427326835816,1.0084823981688187,0.1261442054346516,-0.35433555566865516,0.028989930539518635,-0.36290101779213285,0.02655380630635718
78,1.3102750532336551,0.15241785055655332,1.1605939210545115,0.11694622266344314,-0.276243570260894,0.03874719964361181,-0.2874737559109386,0.035783611923525575
79,1.486649705344254,0.1781750369835063,1.3079026403340015,0.13175226553250444,-0.19628980097489554,0.048737090907569024,-0.21442805144562288,0.04472199357187342
80,1.417934884160297,0.17759840265324234,1.253590925642335,0.12773151606496427,-0.2274394525474221,0.044845071370546545,-0.2413595018022372,0.04142647354926545
81,1.6878786366454452,0.14664550828777523,1.4923893291214814,0.09500937676659323,-0.10506914452345384,0.06013473290887344,-0.12294697542467886,0.055916255808949725
82,1.424006771380223,0.14110788558125037,1.2549399088075013,0.09678849956324502,-0.22468695799050506,0.04518898412880409,-0.24069058399415777,0.041508326995730996
83,1.2897098470884685,0.09034698968831353,1.1513984720193131,0.06388997128841747,-0.28556614426897875,0.037582382756645244,-0.292033486359593,0.035225651516928115
84,1.1450329119989662,0.09387472766526311,1.0221269232446863,0.07231340741924643,-0.3511507742071734,0.029387855750347205,-0.3561351321667856,0.02738172724094328
85,1.149646811844496,0.11726241619257832,1.027954973337608,0.08522631984775372,-0.3490592112793731,0.029649187847720977,-0.35324518765583707,0.027735360999019656
86,1.0651987286437354,0.11919684689284896,0.9459588397685831,0.08712201660863585,-0.3873410305775594,0.024866033587571407,-0.3939044600280155,0.022760008968850345
87,0.9089893708429039,0.07823534753535685,0.8148673882594218,0.059387348082414436,-0.4581535130089344,0.016018308134004844,-0.4589085376664849,0.014805656842540661
88,0.9302705942263478,0.08608590181254366,0.8403058496860413,0.06684030445085884,-0.44850635564157815,0.01722368036306685,-0.44629441445293866,0.016349208900355326
89,0.9925079546785636,0.11598175915496743,0.8879223073353201,0.09664614972545003,-0.4202930523181186,0.020748815386910695,-0.4226829289268493,0.01923847488062717
90,0.885036915819385,0.07914269842938988,0.798825576744817,0.06718226278587075,-0.469011587226894,0.014661636875825789,-0.46686316132159167,0.01383227363515327
91,0.8212648378538808,0.05276944378284921,0.7454161219631965,0.04338489228391676,-0.4979206053172336,0.011049575182558785,-0.4933472097113538,0.010591500836344685
92,0.9256989821711539,0.1050193569165711,0.8399622737789576,0.0909779393301282,-0.4505787487612928,0.016964743453562726,-0.44646478280786694,0.016328361440695695
93,0.9688598759172417,0.08543910557662907,0.880885966027682,0.07228120333917835,-0.43101314735850016,0.019409384053665813,-0.42617202658643627,0.018811524566190074
94,0.8987372376065449,0.025252222492573397,0.8250007383167386,0.022163393776067915,-0.4628009874938461,0.01543762550739586,-0.45388373195810067,0.015420527100266236
95,0.9305519174638276,0.05850366549843775,0.851616462138859,0.05753677468401152,-0.44837882681045027,0.017239614560633318,-0.4406858417995935,0.017035512951292225
96,0.9962659234656498,0.1437855699581249,0.9100914527268998,0.13217491529317776,-0.41858949817475866,0.02096166739884717,-0.4116899554596812,0.020583651753366714
97,1.0200431348004393,0.03979445717566142,0.9398809293447224,0.030656300489107495,-0.4078108650402531,0.022308412823726757,-0.3969183023230235,0.022391214214142963
98,1.107595807563223,0.10686290109604599,1.0197690008248552,0.11180608136276594,-0.3681216800316355,0.027267411581782867,-0.3573043508326837,0.02723865349358649
99,1.1419146987006636,0.0845939148227562,1.0488725148879732,0.07818354893066622,-0.3525643157997639,0.02921123960162571,-0.3428728446899739,0.02900459319679336
100,1.1841742285396484,0.16537213991289137,1.0786252448463942,0.14740723306697417,-0.33340731870041757,0.03160482679176619,-0.32811941305192044,0.03080992594796627
101,1.1388180323837263,0.10095465455970984,1.0475363206891497,0.09334247392498851,-0.35396808976216343,0.029035843877712023,-0.34353542085676786,0.028923515757767283
102,1.1198323735688431,0.04103714619348354,1.0379230852748778,0.040175371379579584,-0.3625746268493406,0.027960492828875704,-0.34830231827099434,0.028340204956964335
103,1.2713537513874882,0.06021910618719727,1.1675809960356147,0.062078559386947965,-0.2938872891903452,0.03654269027312104,-0.28400908785433615,0.03620757286142655
104,1.1667699757872725,0.06798258218784181,1.0783490099766115,0.07298429678882859,-0.34129697627029376,0.030619046859978502,-0.3282563891301855,0.030793164600078814
105,1.1527099025946066,0.13902951808118091,1.0712226157585978,0.14359068120892743,-0.3476706577190642,0.029822681845634292,-0.3317901411612837,0.03036075006542842
106,1.386821811055059,0.16111403693879428,1.288701463561576,0.1648531608113874,-0.24154356240145433,0.043082821446935204,-0.2239493037568576,0.04355690676011654
107,1.4644365407278483,0.32049491792939916,1.3523549817286218,0.32939200522141393,-0.20635942389178902,0.04747893336343891,-0.1923855504437501,0.04741926766733213
108,1.5807111784925076,0.4774547723722054,1.4713509293657803,0.4695146663569285,-0.15365006089432712,0.05406474926229367,-0.13337924812716836,0.054639690190792546
109,1.758306471713274,0.45429816677621787,1.6298216331425728,0.4569719778094153,-0.073142953265571,0.06412377785305474,-0.05479867088022557,0.06425535745996326
110,1.7132829889398067,0.457127566512522,1.5784943099738082,0.44873436565792224,-0.09355289942872266,0.06157363988340168,-0.0802502564857447,0.061140924005416354
111,1.8927501735688512,0.509017661130228,1.7246190579281795,0.47626272611410003,-0.012197230104762912,0.07173869273220018,-0.007791645710015317,0.07000746477688757
112,2.3542214137973243,0.4175667677821105,2.142387715677619,0.3978093009724117,0.19699589731932068,0.09787650480530415,0.1993665324215762,0.09535678368989516
113,2.374772676145722,0.4525837682507227,2.1544977925745177,0.4236798427272435,0.20631215035612024,0.0990405319131723,0.20537153404259195,0.09609159755308505
114,1.7614728640002077,0.44256231841239096,1.623249253335797,0.4087809022597287,-0.0717075712798437,0.06430312286815174,-0.05805770480128416,0.06385655934849917
115,2.0684538309644176,0.33536714164173015,1.8934028913448124,0.2900129986045752,0.06745236533314662,0.0816905787376826,0.07590288421718243,0.08024891094876453
116,2.502432017279062,0.38799603872065164,2.2626030656360254,0.33496595363021525,0.26418240203932264,0.10627117940979093,0.2589774975308144,0.10265119696816971
117,2.0627545257984816,0.4230654272925706,1.8949561208526333,0.3796186912099806,0.06486876885329644,0.08136776909238216,0.07667308128460673,0.08034315763148829
118,1.7636068298283265,0.3463612715716778,1.6135635887548292,0.3068874659089857,-0.07074020658517872,0.06442399106734477,-0.0628605175335652,0.0632688536989896
119,2.336007915076436,0.3960443066629371,2.1059909890672146,0.3188378028468678,0.18873939414726862,0.09684488903976997,0.18131855434877606,0.09314830726850201
120,2.4063552055356463,0.5005961509777835,2.1795797536014754,0.41293373102021635,0.2206290731003637,0.10082937192317686,0.2178088800567787,0.09761351792035519
121,1.925594029513876,0.31005761267716614,1.746776752255939,0.28386665603304145,0.0026914744186309044,0.0735989744997533,0.0031956495391374704,0.07135194682328412
122,1.8363746827272631,0.20357219941897342,1.6362476442500196,0.17142826521611826,-0.037753243591932203,0.06854557503234768,-0.05161221653766346,0.06464527422820224
123,1.6710192703349727,0.17403313152756086,1.4885404069805723,0.1548917948242743,-0.11271179537018884,0.05917981544082802,-0.12485553338777831,0.055682711350763595
124,1.4601447138821468,0.13492811755087208,1.3116112838502045,0.11798503179965814,-0.20830498539583947,0.047235843537325996,-0.21258905318688578,0.04494702621968701
125,1.3657918530534967,0.10364967864034433,1.2412942900090247,0.0907129732407217,-0.2510768166986579,0.04189168093322094,-0.24745701196172926,0.04068033969636931
126,1.3040526486027941,0.11703682138571753,1.170718500867342,0.10853105046916851,-0.27906429703941105,0.038394761552770586,-0.2824532990876032,0.03639795002135762
127,1.139590150924823,0.1064872889130694,1.0240632545614405,0.10326897358719908,-0.3536180746837066,0.029079576807450727,-0.35517496710797325,0.027499219731485943
128,1.0253290929757868,0.07266707193843616,0.9353230437950607,0.06718087942527597,-0.40541464610884936,0.022607810422903503,-0.3991784126713841,0.022114651355191826
129,1.0902989456476249,0.07193168837176613,0.9872585508797144,0.06719357945825775,-0.375962655423634,0.026287714285846284,-0.3734252480229007,0.02526598812394304
130,1.0655641719807074,0.09894768306709019,0.9565030981251746,0.0990015522548903,-0.38717536860798657,0.02488673236234318,-0.3886758979748746,0.02339981227344074
131,0.8958809180649427,0.0690054165881108,0.8110663086215695,0.0704390697895153,-0.46409580798479244,0.015275843067038,-0.4607933720553366,0.014575015366292222
132,0.918445871588807,0.07004146829911126,0.8305892448376367,0.07252296826778498,-0.45386671289427455,0.016553925996654763,-0.45111256947888917,0.015759625860831072
133,1.0428918739895208,0.09195456168136666,0.9322432293123132,0.08903703385947201,-0.3974531248562826,0.0236025694232494,-0.4007055946305724,0.021927774723668907
134,0.9817690418370972,0.08195099410405944,0.8742878498073853,0.08019786867679934,-0.42516119266274494,0.02014056147799815,-0.429443822375667,0.018411164823564998
135,0.8803131314162442,0.07853126464315281,0.7925539818338486,0.07594131869873298,-0.47115296278061414,0.014394080897815058,-0.46997304558800496,0.013451726515252562
136,0.9994322796037766,0.1169561359312693,0.8943590284323628,0.1051351702398938,-0.41715413257592904,0.02114101036646938,-0.4194911638413883,0.01962904150839196
137,1.317779243267588,0.22155009976402795,1.1630994136239197,0.18162221637670514,-0.27284178734327197,0.03917223828474293,-0.286231361905613,0.03593563991556846
138,1.7260438016199506,0.13826890431631392,1.5137818013956477,0.11582195295467802,-0.08776819589722942,0.06229641455418842,-0.11233912943182608,0.05721430579895341
139,1.8890928923681247,0.06961661739947275,1.6517456395226515,0.023664506519037017,-0.01385514077297811,0.07153154368283417,-0.04392725404510615,0.06558565981575357
140,1.2609884268063392,0.03821900071553509,1.1139594995972015,0.0501189856163308,-0.298586075326666,0.035955596468868666,-0.31059828095156816,0.032953933823178565
141,1.1093888472457742,0.08125029847119204,0.9925614099055876,0.07064989174663328,-0.3673088632272715,0.027368969664230077,-0.37079572904317054,0.025587754398420728
142,1.0199736035998528,0.0588293959610533,0.9168152054544931,0.03882222903503994,-0.40784238477114043,0.022304474564317032,-0.4083558605259944,0.020991634853636032
143,0.926626622411623,0.07167666880998601,0.8370732027896849,0.06852065940735828,-0.45015823292821056,0.017017285159660868,-0.44789738114076894,0.01615305872109025
144,0.8426350984808098,0.061883920461350946,0.7588722827146063,0.057574053148185325,-0.4882330857825347,0.012259990496725218,-0.4866747279581158,0.011407992221959262
145,0.8371687179106679,0.05936898930172201,0.7517989420089317,0.04854227304456427,-0.49071109339703317,0.011950373741428195,-0.4901821724413503,0.010978796862272797
146,0.7754256786506568,0.056168591373124535,0.7046032930858878,0.05358618987418863,-0.5187003121251058,0.008453237156705278,-0.5135849923161238,0.008115064665842393
147,0.7009176431907679,0.03652970465781639,0.636156418366674,0.03744417457019298,-0.5524761308486342,0.004233088945903338,-0.5475256185517515,0.003961853017072283
148,0.7248116980494214,0.05150341081294932,0.6581167734856104,0.05089048126381196,-0.5416445304649361,0.005586452408490333,-0.5366361775341582,0.005294360937488587
149,0.7588198595322507,0.05392420122975,0.6940908209757284,0.053209632816177875,-0.5262280255165149,0.007512680646137115,-0.5187977925815421,0.007477190083483575
150,0.6952607091828008,0.04697249096059541,0.6333829522397635,0.04721815591731816,-0.5550405197283668,0.003912679210429922,-0.5489008921135728,0.003793564956105188
151,0.7008063559572381,0.04232617759788514,0.640282809462126,0.044180869991057414,-0.5525265793325158,0.004226785617456048,-0.5454794725670401,0.004212233704800042
152,0.7763529784894997,0.06140203472551436,0.7096185377032351,0.06348079968487204,-0.5182799506021399,0.008505759582395543,-0.5110980921656652,0.008419379106080111
153,0.7574677755464352,0.047526718965201935,0.697598731679134,0.049360788909506924,-0.5268409492544985,0.007436098371777389,-0.5170583313345435,0.007690042688602444
154,0.7263838549413593,0.035150579819987,0.6638945212993556,0.03674148011093855,-0.5409318437612902,0.005675499650893918,-0.5337711763221307,0.005644942459612731
155,0.8245782796335094,0.011830887162711893,0.7594128225556821,0.020532871778582013,-0.4964185631789738,0.011237249106741414,-0.48640669145847015,0.011440791036715815
156,1.0018684061801146,0.029053273827931415,0.9176779762966994,0.022944494323096597,-0.41604979303560846,0.02127899300349589,-0.40792803993078897,0.021043985964286003
157,0.9310087772120786,0.11612874188523661,0.8512484107587909,0.09724270491942155,-0.4481717241544245,0.01726549117699112,-0.44086834676242265,0.017013180371677514
158,1.1257076990728387,0.1464040523688544,1.0391224813428488,0.13839332650539854,-0.3599112372170706,0.02829327229703004,-0.34770757594245877,0.028412981774626516
159,1.3674821673390563,0.12401355688492202,1.2528064675929949,0.13024477514648727,-0.25031056714527133,0.041987420631145696,-0.24174848957646947,0.04137887429331905
160,1.3174976117798087,0.08846149505821593,1.2037712747866924,0.08183818163782783,-0.2729694559097475,0.03915628662782537,-0.2660634807029156,0.0384035224631842
161,1.0981504020539339,0.09253768525439444,1.006446072187251,0.087351137043168,-0.372403450478042,0.026732422155282893,-0.3639107670219963,0.026430246350960616
162,1.3101644978611482,0.055449942988759826,1.1985460528342533,0.049870684009039816,-0.27629368697914675,0.038740937767901364,-0.26865450192942825,0.03808646704218354
163,1.2013732386594207,0.09866476357462035,1.0928245101485763,0.0989926523504241,-0.32561070126923747,0.032578981744806064,-0.3210784494079427,0.031671507346663
164,1.1665758353064357,0.1545791860478187,1.068027979222275,0.14615389638783644,-0.34138498360597463,0.030608050709056114,-0.333374259721595,0.03016690627444935
165,1.3798741390869917,0.17825137541489772,1.2539036117934133,0.16358077464343218,-0.24469306577374908,0.04268930408676991,-0.2412044506939676,0.041445446683837255
166,1.493851675572521,0.25954405208191994,1.340133507279533,0.23866295612896488,-0.19302501967472085,0.049145011765842524,-0.19844579056466763,0.04667769443619009
167,1.277969394687968,0.19466530819651112,1.1576131571247095,0.17490023411328803,-0.29088830032320717,0.03691740147125556,-0.2889518218540963,0.035602745470144435
168,1.3812117469400487,0.18881735980673184,1.2485744056475532,0.1668643340185676,-0.24408670432442137,0.04276506643042842,-0.24384703437176514,0.04112208172182139
169,1.3165035617737866,0.1294096068740656,1.1937472139213894,0.11355332598474296,-0.2734200764716546,0.03909998346094586,-0.27103409338009204,0.0377952836425727
170,1.3321698309996657,0.1289265820155486,1.2110329485576987,0.11291420212733323,-0.26631827777059847,0.03998732370063219,-0.26246264784797735,0.0388441454751045
171,1.2222094501200456,0.14276172962296316,1.114552610343422,0.12672250011222705,-0.3161652757277462,0.03375914842042302,-0.3103041762136034,0.032989922529314805
172,1.090447026238954,0.10207507312767361,0.9949149240428582,0.08986496535133966,-0.375895527855737,0.026296101596539626,-0.36962869630426093,0.025730560660511662
173,1.0810775799104444,0.09443987943771665,0.984499793827862,0.08262300136829116,-0.3801428646534161,0.025765414511376157,-0.37479322782264957,0.025098592578552806
174,1.0858300920804218,0.11407696986177454,0.9846795245018111,0.10192815486604083,-0.3779884662916323,0.026034597635144624,-0.374704105102984,0.02510949825586457
175,0.9931265244671641,0.10506371751682418,0.9025382923871567,0.0989771185753375,-0.4200126436223495,0.020783851288347446,-0.41543532722487336,0.02012534195271129
176,0.8829866338111917,0.05829247251324423,0.8022191580242023,0.05289062883168401,-0.46994101655640746,0.014545508542886793,-0.4651803923964021,0.014038188972535863
177,0.9033701832032391,0.07236609589612061,0.8183849881681894,0.06358349791972878,-0.460700790788027,0.015700036359459695,-0.4571642718509933,0.015019097368156141
178,0.902818927277329,0.10365873113493118,0.8192769507378772,0.09158997413982001,-0.46095068491164576,0.015668813127024908,-0.4567219760074192,0.01507321977111305
179,0.7940858933949305,0.07843618450800427,0.7197786038595416,0.07172289103329353,-0.5102413046280689,0.00951015499623979,-0.5060600387942721,0.009035870440209672
180,0.8292485963030942,0.05362594023599152,0.7496254337671243,0.041895637455844584,-0.494301425500605,0.011501776662935503,-0.49125994598700695,0.010846912977353237
181,0.8996885832947918,0.06565773299312605,0.8130577806859444,0.052562316433397455,-0.4623697255593271,0.015491509894218419,-0.4598058644551296,0.014695853680822896
182,0.8385058705889028,0.07778357599155658,0.7607818893506542,0.06293441118078824,-0.49010493828655444,0.012026110303904864,-0.48572781481771227,0.011523863115377519
183,0.7818776104991882,0.03956125388943533,0.711512367953638,0.032254079383624554,-0.5157755365732143,0.008818675709456466,-0.5101590020326775,0.00853429272177159
184,0.8570685228274214,0.08175699208384359,0.7829087421665957,0.07353534402447472,-0.48169015760999745,0.01307750218598308,-0.47475581289246144,0.01286647376404156
185,1.0000732391895673,0.058113530511066616,0.9016856283501342,0.05897866672399287,-0.41686357418655334,0.02117731442995025,-0.4158581361771281,0.02007360410163224
186,1.373474024536316,0.09490415320528668,1.2200083901604135,0.08700999850500997,-0.2475943516221703,0.042326800474867504,-0.25801201208137553,0.03938875629583474
187,1.9428472884698005,0.31008533562009527,1.6875403798820774,0.22751744935370305,0.010512683812872846,0.07457620211639802,-0.02617778179053763,0.06775760898414616
188,3.078391536611093,0.6768345998791764,2.749406184810955,0.5630703857162949,0.5252751042824503,0.13889362771353045,0.5003676674404423,0.13218938104901867
189,3.703509304276975,0.7605363185909987,3.2238344031426163,0.8246279747864114,0.8086521155164408,0.1743004078342582,0.7356215179644544,0.16097668230949816
190,4.800529809437885,0.7884866965562224,4.268300949627254,0.9780788373953047,1.3059510375670096,0.23643584186486247,1.2535392288208835,0.22435270415718372
191,6.441873594426418,1.4007881594802227,5.863399953893077,1.515172736134811,2.050001391365522,0.3294018420388868,2.0444980466587848,0.32113993940546853
192,13.930651528985203,0.5379595316755612,11.966183955585079,1.7296895463209765,5.444797730004527,0.7535675391553414,5.070674357087937,0.6914439702283713
193,12.786144044304459,0.5506036353268352,11.018251950278616,1.4612367962754387,4.925972114865221,0.6887424342668214,4.600625052121434,0.6339254602477299
194,11.38383092129778,1.0019952826937921,9.78686730385145,1.5033806402030157,4.2902786149098135,0.6093151727572003,3.990020605853809,0.5592076432745269
195,10.140965741107093,1.3038065147492337,8.773630925544628,1.2764573317802144,3.72686570562025,0.5389190707250453,3.4875889412156664,0.49772660200559293
196,8.547233886534576,1.1431726032193708,7.511964590401502,1.138089747137047,3.0043986873758515,0.44864981864963577,2.8619687695009954,0.4211713561821249
197,7.375835954769889,0.9431724939869961,6.521052321374994,0.8574641245424105,2.473383153921079,0.3823016341167725,2.370606919989325,0.36104489466707695
198,6.599773417838754,0.9875561215545773,5.882268968983257,0.6826308171540385,2.121580191949028,0.3383453157615062,2.053854590565828,0.32228487134859723
199,5.7712409522969,0.7852213037176372,5.268177734754425,0.6599383342642064,1.7459916773684114,0.29141709143689465,1.749346296490491,0.28502311355659593
200,4.56934485219619,0.6848433998801419,4.1324933270414475,0.6168637480478733,1.2011507813368507,0.22334148529451528,1.1861965520800835,0.21611218474079003
201,3.5563111223720525,0.5253259523112337,3.1892644869692535,0.4898039215126204,0.7419245595184017,0.16596307696564636,0.7184793970327047,0.15887905288321388
202,2.6459910650751692,0.576910427886583,2.4266632560505084,0.5433319953559923,0.3292602737689295,0.11440238908350893,0.3403297232656849,0.11260602246932007
203,2.4888297884205635,0.5484122454598797,2.292008928111843,0.5392005849801256,0.2580162695768996,0.10550074677892371,0.27355892862642334,0.10443548253383944
204,1.9863736467093485,0.4239486393963998,1.8485446780035009,0.4169226996688874,0.030243956775851007,0.07704154268958009,0.05365912423747194,0.077527009401668
205,1.9193778432116775,0.4234198383705363,1.793394979580486,0.420874487542335,-0.00012643348081663115,0.07324688861613936,0.02631214442485389,0.07418064229789245
206,2.0654150793993957,0.46440160772008393,1.9170785938583197,0.4557515720383429,0.06607484515867805,0.08151846331548626,0.08764291140137893,0.08168550252252578
207,1.7988446685765762,0.4017888077937781,1.6680051100986937,0.39454572620665357,-0.054766267043979376,0.06641986844121554,-0.035864700190390536,0.06657225011481796
208,1.4811571809027742,0.3674684045429945,1.376909958966223,0.35169173288745614,-0.19877966007163475,0.04842599335880899,-0.18020951891470466,0.04890921177240407
209,1.6657667516501273,0.41298339316733235,1.5426489513095196,0.3932558384678761,-0.11509285558532212,0.05888231186026473,-0.09802482874631167,0.05896590342530101
210,1.722826332212523,0.4229094849319859,1.5839576452925757,0.39864312381375205,-0.08922673205085378,0.06211417652201838,-0.07754116242097016,0.061472427642070664
211,1.4841125690591481,0.37738041033505315,1.3544084763562714,0.3461632940818952,-0.19743993001418225,0.0485933870629023,-0.19136728782884127,0.047543869379875286
212,1.407728621687548,0.3620867725711,1.283066149622023,0.3277913150595572,-0.23206613299868564,0.044266986872042564,-0.2267436765449128,0.04321496782434715
213,1.61738255057049,0.41996534881848124,1.4739985266848927,0.3810579093343791,-0.13702627517774107,0.05614182221566476,-0.13206638890022662,0.054800340798612096
214,1.6270076064198227,0.424167873689898,1.4652378350026438,0.38070177732991806,-0.13266306603440095,0.05668698706896836,-0.1364105370176178,0.054268760549035185
215,1.467292169794196,0.3842739561705837,1.3168251113242055,0.34738453669687586,-0.20506491640556596,0.047640676695157126,-0.21000368211949882,0.04526339024782605
216,1.5968408080186949,0.4007242624483443,1.4431143802928457,0.3703450712525513,-0.14633821272128736,0.054978334310747695,-0.14738085393020747,0.052926356090267704
217,1.8455564409366065,0.45263905018049944,1.6633891948226254,0.41721408476838606,-0.03359098915953607,0.0690656314294867,-0.03815358563275801,0.06629216613475393
218,1.882869501296249,0.48262627786652984,1.6810442419659903,0.4424674162318898,-0.0166763147227658,0.07117904971980066,-0.029399009785087804,0.06736343706941976
219,1.709394801874937,0.4385300107546352,1.536002320769154,0.4110143608139319,-0.0953154838352986,0.061353412285347415,-0.10132068124245978,0.058562599936302286
220,1.65778009948069,0.44342622678154203,1.504494498967677,0.4160263460207911,-0.11871334717683661,0.05842994647906643,-0.11694440705389562,0.056650771922677375
221,2.0194509107865795,0.5599795904239012,1.8318387808866767,0.5266566843561455,0.0452384693602591,0.07891504473472391,0.045375201672723874,0.07651333088393618
222,2.0552720177228605,0.5511282623210537,1.8529082495230693,0.5143612816785191,0.06147681475331791,0.08094395852117682,0.05582288044410162,0.07779178169608843
223,1.9104784546460456,0.5466599000196005,1.7294468472093036,0.5136891346224073,-0.004160684727513923,0.07274282568519949,-0.00539769869333717,0.07030040482363807
224,2.0716833505370627,0.5176431330492858,1.8821409696245102,0.477201517389556,0.06891636404115803,0.08187349929332637,0.07031845574807107,0.07956556134853555
225,2.0282129683426637,0.5156347651860088,1.8497265133115501,0.4788787631788135,0.049210466015824454,0.07941132921316998,0.054245158744191474,0.07759872066954478
226,2.275346169793895,0.6071135378433387,2.0593090361859905,0.5512084964134312,0.16124034522631067,0.09340899713578793,0.15817045998814266,0.090315745061842
227,2.112376774387958,0.5628064218946515,1.9036736127895277,0.5073974698482869,0.08736341741927958,0.08417838196531967,0.0809958080234972,0.08087211661184926
228,1.8613755196299895,0.5006397080931381,1.6945911517337555,0.46496289369317567,-0.026419919206838543,0.06996162682424321,-0.022681528483543087,0.06818543491348682
229,2.128805257937979,0.5971959411532625,1.9425392953426013,0.5579775447977795,0.0948107414409509,0.08510889415815735,0.10026806275152987,0.08323040406001984
230,2.3409896732142648,0.6510994295714329,2.119861457582649,0.5943414419713414,0.19099771378687785,0.09712705669540926,0.18819647813312157,0.09398993797331533
231,2.1345859133172267,0.589872364783047,1.9455239566084659,0.5403860317804703,0.0974312154205363,0.0854363114938235,0.10174806125957321,0.08341150699551357
232,2.1463727598090974,0.616550758938081,1.9737604076380248,0.5746531076076564,0.10277440274220176,0.08610392054869442,0.11574961844602344,0.08512483514697368
233,2.5308994769273507,0.7419885536184166,2.313731367359529,0.6852432819054881,0.27708720822116845,0.10788358132267559,0.28433039473727667,0.10575355422218585
234,2.5551925903194452,0.6944708061747674,2.3535138080577114,0.6401091672798447,0.2880997089413521,0.10925954753066462,0.3040572406453925,0.10816746861640754
235,2.616928262580174,0.7442699300084452,2.390359713662693,0.6986781876257213,0.31608558807751697,0.11275626684725468,0.3223279522824405,0.1104032002695452
236,2.4203735082819287,0.6640337547263117,2.2072066814179694,0.6240583798643857,0.22698381926227085,0.10162337105210371,0.23150819408543039,0.09928986149188987
237,2.604243222467266,0.6655009595288394,2.384391872774751,0.6267465381223205,0.31033523359950993,0.11203778394798054,0.31936868996634127,0.11004108430157025
238,2.4668875481939634,0.578477185321898,2.279698663944,0.5560201456590507,0.24806946150838285,0.10425793443980193,0.26745466051050726,0.10368852173028108
239,2.084948435619495,0.5034705780183852,1.9299145486326388,0.48084446129609437,0.07492966322870154,0.08262483604152043,0.09400785275421313,0.08246436112067917
240,2.2753409519204286,0.4915805088347705,2.099089861142365,0.4627267098552093,0.16123797987138982,0.09340870159451864,0.1778965047013315,0.09272956141626676
241,2.420160592742157,0.4453311612953889,2.228872057668241,0.4268193867041141,0.226887300858177,0.10161131147854667,0.24225136447240925,0.10060447071819478
242,2.0196588488417695,0.377041159207257,1.8702050649129351,0.3621696863802829,0.04533273138199234,0.07892682238268028,0.06439982056916031,0.0788413158853193
243,1.9068428289626296,0.40167238121030674,1.7639548446054574,0.3811712173381807,-0.005808778564262176,0.07253690320813629,0.011713718687916819,0.0723942771494289
244,2.2455522828888363,0.4605057535199347,2.0645366457797785,0.4273548132335864,0.14773424595844978,0.0917214661501816,0.16076266516999202,0.0906329453598718
245,2.066386971071353,0.4909190782246063,1.9015563295151656,0.46203906706772574,0.06651542095333329,0.0815735114304337,0.07994591464933123,0.08074364433908442
246,1.81969082341414,0.473899280391456,1.6757237437763213,0.4454075023746744,-0.045316333992728754,0.0676005983114482,-0.03203727546461927,0.06704060048777537
247,1.7876965763715293,0.43885399959045357,1.6507523995331617,0.4143340126880812,-0.05981989567754532,0.0657884385413048,-0.044419770137094944,0.06552539211308203
248,1.6231242030484154,0.3838966498264754,1.4933337987831603,0.3653761818088042,-0.1344234819075802,0.05646703042015175,-0.12247864298569701,0.05597356423123907
249,1.4199734503565073,0.3800469952098979,1.3074576554134423,0.35877568940109944,-0.226515334204023,0.04496053611783772,-0.2146487053020794,0.04469499282767326
250,1.3832483796975446,0.40020790437828524,1.275601216055848,0.37212758351006164,-0.24316346244320694,0.042880421667411336,-0.23044529946170336,0.04276201143778434
251,1.3749082309159768,0.373646397509033,1.2713381888262223,0.35438194410816126,-0.2469442003412708,0.04240803417603394,-0.23255919895567714,0.04250333995830865
252,1.2581161069448605,0.34577065251444655,1.1597360183034573,0.3274369842742538,-0.29988814904741945,0.035792907767583614,-0.28789916257471243,0.03573155619835468
253,1.176538245207553,0.35604879227578096,1.0790254193102375,0.3337230966319199,-0.3368688458660289,0.03117232335508648,-0.32792097927445335,0.030834207688390396
254,1.1616086252033375,0.34826633165049586,1.067157597859969,0.3323335578003627,-0.3436367083624842,0.030326707056658353,-0.3338058541314446,0.030114093373529747
255,1.2260684937952078,0.33975788734935847,1.1190648837537716,0.32273223217934227,-0.3144159025384796,0.033977725331767156,-0.30806668347311095,0.03326371774008487
256,1.2064596993912262,0.2715277982128897,1.0926702311551486,0.255561521410985,-0.32330491808006323,0.03286707977375221,-0.32115495144946643,0.03166214602351577
257,1.023549751273075,0.18877116548491776,0.9369678273523574,0.18358345537463966,-0.4062212533751269,0.022507028196439523,-0.39836281686535613,0.022214453344075808
258,1.0372750530248436,0.20635804811779157,0.9519184051273584,0.20129195693328186,-0.39999932977947616,0.023284431697591097,-0.39094930128338684,0.023121622795211426
259,1.1018063401506315,0.20251603564697188,1.0046445107361575,0.19540786709857527,-0.3707461486627905,0.026939495131000888,-0.3648041039946911,0.026320931410938136
260,1.0066367129751967,0.1363130342614414,0.9186775662616506,0.1276552203011627,-0.41388823468911895,0.021549070737603558,-0.407432375088114,0.02110463897004353
261,0.8917928777404015,0.13807695892865296,0.8140656064921094,0.13126004481713552,-0.4659489894313831,0.01504429574526508,-0.45930611572097646,0.014757006420013203
262,1.0350468753183069,0.18345160900702323,0.9421024038579127,0.17697721012087442,-0.4010094023956077,0.023158227321062447,-0.39581674383034626,0.02252600859100058
263,1.0734881976562234,0.17079793652650144,0.9702202410157179,0.1560427572048462,-0.38358326672092374,0.02533555056792961,-0.38187400348694506,0.024232139503494038
264,0.9396237349934271,0.15353202797980076,0.8528520924498787,0.13769401192877956,-0.4442664104451358,0.01775344389836792,-0.4400731320634109,0.01711048838621679
265,0.9787973090611691,0.1701873140181904,0.8872439830210016,0.15565687456758182,-0.426508332027177,0.019972242011783447,-0.42301928836054536,0.01919731559533579
266,1.188245049162106,0.21480705351724133,1.0732549766465789,0.19580203933852688,-0.33156194325129373,0.0318353987865896,-0.33078235809510503,0.030484069427329077
267,1.204100876569437,0.2238929160789421,1.0856701927772303,0.20140305250158966,-0.32437421445243325,0.03273347563495658,-0.32462604764187275,0.03123739849410305
268,1.0891273816159615,0.20000279640738572,0.9827527280811136,0.17594926168934477,-0.3764937462531295,0.026221356693385996,-0.3756595421103757,0.02499258432265612
269,1.310674550816556,0.26766427434764806,1.1881928352125095,0.23988310554427272,-0.27606247089547303,0.03876982725685235,-0.2737883329637483,0.03745825568548871
270,1.5036420683782747,0.2848226512580823,1.3503921987351513,0.2525020373174167,-0.18858686034602282,0.04969954133338819,-0.19335883204698348,0.04730017014496999
271,1.4857524510033568,0.23408320336458974,1.3326095967520306,0.21234983638212512,-0.1966965423388301,0.04868627026415789,-0.2021766582791081,0.046221159452301985
272,1.8484886467847286,0.23547375650186267,1.657517954192541,0.2257721435754414,-0.03226176805506129,0.06923171208357021,-0.04106494695615797,0.06593591166619521
273,1.5509842944591548,0.200451933305211,1.3894403969268023,0.16857440093055034,-0.16712578656778687,0.052381013331105314,-0.1739960736239826,0.04966953225621807
274,1.3303094183825996,0.18135965003895843,1.1933826023466019,0.1454916350714935,-0.26716163592542214,0.039881949603344506,-0.27121489265298526,0.03777315978307005
275,1.1838759304011743,0.15207827567658488,1.061759020322744,0.11977698576389281,-0.3335425425563209,0.0315879311328269,-0.3364828368738513,0.02978651910214965
276,1.1691065428862535,0.15664566382522466,1.0506330169973512,0.12319064345318516,-0.3402377688132266,0.03075139043072654,-0.34199986773775287,0.029111416742767487
277,1.0419651280335354,0.15197306211826905,0.9307224348431076,0.11683832076853523,-0.39787323529429003,0.023550078369581433,-0.40145970819488436,0.02183549613051472
278,0.8695741554001222,0.13181014153887238,0.7853516930826742,0.10693145398901911,-0.4760211317634364,0.013785823410678919,-0.47354443130207113,0.013014706860784877
279,0.8643649683630125,0.11388475063447576,0.7812719505366023,0.09679849587596992,-0.47838254897134397,0.013490774142251678,-0.47556744575615467,0.01276715670840995
280,0.9199926741185221,0.12481405918393722,0.8268947734127382,0.10386610359236008,-0.45316551977433417,0.016641537163530253,-0.45294454024870273,0.015535453145555442
281,0.7835937774863154,0.10908138964318301,0.7069626293142944,0.09151416180034072,-0.5149975675300267,0.008915879708937315,-0.5124150725875602,0.008258224200114501
282,0.7158180009459443,0.08961771566075183,0.649529084134418,0.07926389016497369,-0.5457215334505389,0.0050770478254079324,-0.5408945393029342,0.004773278103601663
283,0.8281751462995156,0.09271612826708713,0.7493319027187986,0.0837861300210068,-0.4947880394947314,0.011440976266253103,-0.49140549868960504,0.010829102133919067
284,0.8622902718230145,0.07617528973526273,0.7801804249502736,0.06842908858291534,-0.4793230458427053,0.01337326296594449,-0.4761086985467924,0.012700925243515935
285,0.7315138214790834,0.06796298787377908,0.6687375153870155,0.06139245871194682,-0.5386063386158859,0.0059660618563261774,-0.5313696897259212,0.00593880510187809
286,0.7944787232250627,0.06702722250492593,0.7279912552258393,0.061413478986476845,-0.5100632278736645,0.00953240494679277,-0.5019876464232471,0.00953419676207197
287,0.9650898739514399,0.09401395417103717,0.8745623988235817,0.08861385022643767,-0.43272215635596345,0.019195850480374067,-0.42930768225852783,0.01842782387742104
288,0.9145859537732254,0.12965571804351772,0.8315555501815018,0.12089880451722518,-0.45561648234695307,0.016335299573843783,-0.4506334094202283,0.01581825922615086
289,0.920293951183532,0.12404429871536785,0.8422948740271079,0.12063746787780964,-0.45302894551800704,0.01665860154939158,-0.4453081206007994,0.016469898692210588
290,1.1458708251920704,0.1340038545176313,1.0491283001464569,0.13169098714611943,-0.35077093324181097,0.02943531530072805,-0.3427460089229591,0.029020113705501407
291,1.2449717057099223,0.10171749301496426,1.1297206582677417,0.10369150930629221,-0.3058467400987108,0.035048406573701646,-0.3027828241075311,0.03391028760933947
292,1.0673704157826724,0.12140540479387534,0.9743041615171216,0.11580916417422442,-0.38635656614125785,0.024989038328432415,-0.37984891731781345,0.024479943165365538
293,1.106716663270763,0.13401567023543415,1.014907065072943,0.1302038356887978,-0.36852021178825306,0.027217616694695024,-0.359715229997207,0.026943641511180443
294,1.3970699810072567,0.29860941158660936,1.2653815889402273,0.2680839017198139,-0.23689788454379987,0.04366327959243341,-0.2355128872167569,0.04214190607056633
295,1.2409582290445256,0.3314453310091088,1.122797441349045,0.29576539058078144,-0.30766612051137154,0.03482108255067479,-0.30621582698384364,0.03349020144365772
296,1.2082021310962396,0.3284270289183128,1.1081575094027682,0.2979182392419371,-0.3225150427727436,0.032965771411465776,-0.313475303188447,0.032601881324647086
297,1.5374547631489086,0.4102334387402324,1.406246409722575,0.3702789054774447,-0.1732589639375644,0.05161469830213556,-0.16566250688112616,0.05068928558168568
298,1.429034639276094,0.3634048715736543,1.3025435045893525,0.325965314108938,-0.22240773597681754,0.04547376344923499,-0.21708547625868108,0.04439681254507968
299,1.5165457355496461,0.34918593122059804,1.3907580163738789,0.30971564784539557,-0.18273739833083372,0.05043040730764089,-0.17334270808527136,0.04974948261857856
300,2.060607188674234,0.552573251797349,1.8560348372430375,0.4850914584405677,0.06389534271208604,0.08124614354062862,0.057373255762648574,0.07798149642875873
301,2.042918854022898,0.6383419358739035,1.84718529366188,0.5805806588647493,0.05587690576072848,0.08024427316020384,0.05298504881709972,0.07744452483380518
302,1.7758074427212278,0.44754160669436077,1.61187308270473,0.4193133562856739,-0.06520945158884787,0.06511503592382047,-0.06369878566824418,0.06316627736590806
303,2.077537309180121,0.47949064414177484,1.8659880011130223,0.44626330086412097,0.07157006769503325,0.08220506853872554,0.06230871287678149,0.0785854333695835
304,1.9421720350735623,0.4251712045429056,1.730645368944059,0.39251585942099326,0.010206579428788444,0.07453795564547198,-0.004803389918809714,0.07037312858860922
305,1.552342583000045,0.3326100535518069,1.428468566615362,0.3167777271173275,-0.16651005019454623,0.05245794703255389,-0.15464324669807739,0.05203767908024248
306,1.944635997676419,0.40231744056331914,1.765785060821721,0.3662422900986823,0.011323537535413618,0.07467751491992804,0.012621264646463686,0.0725053308000205
307,2.3030874888502084,0.5681695358938728,2.046840754175707,0.4865813121115892,0.1738159789524479,0.09498027031804507,0.15198783585450001,0.08955919606968293
308,1.9999338192477598,0.44726798586484806,1.8040731778995454,0.3930645860186886,0.03639102435977239,0.07780959324309321,0.031607123041538135,0.07482857279623185
309,1.752735935546303,0.24695020628054515,1.5976675629844497,0.23490611346121726,-0.07566817646609085,0.06380826170646535,-0.07074285067905368,0.0623043164623441
310,2.2775558449181688,0.48845521299793704,2.024550152436013,0.4291845996360983,0.1622420302925549,0.09353415352280847,0.1409346360507431,0.08820664948252072
311,2.4078642847460183,0.5828220943478876,2.1356608446042338,0.49284817322967617,0.22131316556816752,0.10091484643462117,0.19603089119948047,0.09494861137499593
312,1.9287364407764453,0.35621643247330625,1.745619950660038,0.33003296359245815,0.00411598537914943,0.07377696122541963,0.002622028453349173,0.07128175454813468
313,1.688907472582066,0.16328281938632652,1.5269598938576927,0.17400485643793387,-0.10460275488001378,0.06019300635696987,-0.10580453289125885,0.05801392458865648
314,1.616896661210349,0.22036975684316334,1.4636265652469884,0.22762712024345688,-0.13724653747356616,0.0561143013569924,-0.13720951439629014,0.0541709921067805
315,1.3290703897861953,0.174096164206757,1.202705397719656,0.17695579137399495,-0.2677233096429898,0.03981177080609165,-0.2665920152093312,0.03833884729621518
316,1.2843275479242147,0.17599730057290197,1.1741944305452061,0.1762160487727767,-0.2880060362855318,0.03727752838694099,-0.28072969621308663,0.03660886208546037
317,1.2549282852247854,0.19992717196108833,1.1402780562676524,0.1915260206012729,-0.30133324537663553,0.03561234898563085,-0.29754774652355565,0.03455088819970687
318,1.094286941230241,0.18004143439850082,0.9979754427039587,0.17490746685458544,-0.3741548260393633,0.026513595055870396,-0.36811108252876423,0.02591626646237193
319,0.9494895439258331,0.13146317545627637,0.8696204068354857,0.12698898439414275,-0.4397940636438126,0.018312245048568973,-0.43175825876206464,0.018127954251856863
320,1.0218520979105141,0.13795238336593774,0.9336108705044429,0.12905841777958094,-0.4069908298627543,0.022410872811904795,-0.40002742490088145,0.022010760299764124
321,1.0080207534994243,0.1610568349761966,0.9153201157636729,0.1496482696024708,-0.4132608244834439,0.02162746303590997,-0.4090972279089908,0.02090091597208967
322,0.8483096254244665,0.1244179646983958,0.7730998283411846,0.1152987186758724,-0.4856607217118983,0.012581396699165122,-0.47961974100154575,0.012271289610950586
323,0.8549066761466574,0.12996498134773377,0.7786687178065529,0.11861768070827222,-0.48267016119144807,0.012955054810400806,-0.4768583059956823,0.012609198050059904
324,0.9730811125565598,0.14693890222260308,0.8795943713915081,0.1318210940630426,-0.4290995856515151,0.01964847563809472,-0.4268124872498946,0.018733153334333952
325,0.9004448084286182,0.15876590433700702,0.8100734989273478,0.1399312217584533,-0.46202691524529,0.015534342618578716,-0.46128567477759996,0.014514773773027836
326,0.7962376175861504,0.16223637486901193,0.7217220710276623,0.14371611022280786,-0.5092658897513097,0.009632029032236948,-0.5050963352939299,0.009153795919126758
327,0.9214275413857687,0.1763900138157445,0.8360271440240287,0.15876702214303295,-0.4525150689013282,0.016722808297485577,-0.44841608838242586,0.016089586086749475
328,1.256911918768828,0.23218343328472332,1.1229044716254568,0.1953746948429966,-0.30043402898227006,0.035724702337858,-0.30616275407697247,0.033496695814548845
329,1.7819732184640198,0.22183981954867044,1.5770989113590161,0.18040104722378014,-0.06241439569329172,0.06546426654449838,-0.08094219023770426,0.06105625416759823
330,1.922345243217813,0.187429632955651,1.7211695152608641,0.1502862684293801,0.0012187417619447414,0.07341496267351223,-0.009502164106004766,0.06979815382079797
331,1.9375641201658642,0.029731160002758838,1.8015005320887347,0.025053103393489515,0.00811772957983974,0.07427696253602786,0.03033142988155714,0.07467247008747487
332,1.2838867132968048,0.17084295596591914,1.1780025536641305,0.15568141146382677,-0.2882058744690317,0.037252559436241374,-0.2788413691861934,0.036839930945249046
333,1.246206502560879,0.2108655140352097,1.1467668792437344,0.19564774585556927,-0.30528698470668,0.03511834568414932,-0.2943301457748902,0.034944616259338875
334,1.083810207841404,0.18609861039545023,0.9966326133094162,0.173795075239638,-0.3789041157712955,0.025920191037189066,-0.3687769488778904,0.025834786413697637
335,0.8674167942442805,0.14111822093291584,0.7925863889905863,0.12559611380653832,-0.47699910197659706,0.013663630096015832,-0.46995697591062807,0.013453692913008757
336,0.8858674102320655,0.1558927863727179,0.8109535405292366,0.13691083163569912,-0.46863510932675273,0.014708676225180817,-0.46084929016246534,0.014568172836861805
337,0.8661641716963272,0.128252520245403,0.7989249856515471,0.11619123546769335,-0.4775669380743754,0.01359268133496037,-0.4668138676093271,0.01383830555744507
338,0.7121498349207743,0.09390484858424616,0.6534211798995226,0.08418080566092158,-0.547384378403425,0.0048692822576742465,-0.5389645729139851,0.005009442246027055
339,0.6676205194554786,0.10179507827119957,0.6103425453204759,0.0900660282275336,-0.5675703097295612,0.0023471340111234583,-0.5603258964365941,0.002395521775870301
340,0.7342126351900072,0.08231641225287846,0.6765897994874058,0.07223042521643377,-0.5373829183216037,0.006118923138779054,-0.5274759920101291,0.006415265099927333
341,0.6967986377234471,0.03972998584408365,0.6409537501771142,0.0336278479346133,-0.5543433493456289,0.003999787753006429,-0.5451467744252023,0.004252944968894338
342,0.6261811350086783,0.039878578930070706,0.5708632235939518,0.03687755166846031,-0.5863555203239704,0.0,-0.579902435296153,0.0
343,0.6612911473064335,0.0613252684381918,0.6035376854258296,0.0578100747477327,-0.5704395267881023,0.001988637261270588,-0.5637002098324572,0.0019826172641795705
344,0.719246684642413,0.03458596397332602,0.6586124114878662,0.03418888703846647,-0.5441672501000593,0.005271249071994927,-0.5363904064269783,0.005324435203596229
345,0.6988797708832037,0.04219948860045046,0.6382233011258177,0.04371848012116359,-0.5533999346399586,0.004117663500586914,-0.5465007171886325,0.00408726709312955
346,0.7526126200760688,0.053791158719801405,0.6914756769251635,0.055816152958542836,-0.5290418776514084,0.007161101513452457,-0.5200945592657285,0.007318508671387357
347,0.9458837985913325,0.057173332030911836,0.8666043367335049,0.05836360176061746,-0.4414286121865246,0.018108014999714823,-0.4332538319120692,0.01794494549459161
348,0.883176246947951,0.07748163385944833,0.806566493432816,0.07781718647429768,-0.469855061546384,0.014556248264245711,-0.46302468716033457,0.014301976094069649
349,0.9854961599636333,0.12511736080015468,0.9025239661276281,0.11987132027670262,-0.4234716236729569,0.020351666103104203,-0.41544243116091145,0.020124472665571422
350,1.2621431193936974,0.19895296831852108,1.1594901917913096,0.19806488384397475,-0.2980626326231872,0.036020998459761165,-0.2880210601164459,0.035716639965319694
351,1.3428663409858919,0.16368387322440667,1.233181070154772,0.1673599245521163,-0.261469359395027,0.040593175904378706,-0.25148009941123356,0.040188046668441536
352,1.0775068868834066,0.08913020169285205,0.9851729726561178,0.08665648364012639,-0.3817615233612212,0.025563169831371288,-0.37445941987169057,0.0251394396466284
353,1.2622271757971169,0.09348619875529836,1.151707365841648,0.09296276766960927,-0.2980245283593058,0.036025759429209735,-0.2918803157464223,0.035244394541009444
354,1.227251043397768,0.1836171575933132,1.1273264539964722,0.18038711502095098,-0.3138798317541525,0.03404470514889192,-0.30397003378856113,0.03376501235594386
355,1.0720453237968683,0.08789358772168301,0.9752929882942875,0.07858224611861912,-0.3842373471246505,0.025253825939191437,-0.379358589597326,0.024539943083643594
356,1.25271058101635,0.0959022545557178,1.139435257260496,0.09128546394728891,-0.30233857016964855,0.035486737829873626,-0.29796566372154315,0.03449974893778362
357,1.3975402116600606,0.12444608391149872,1.258940565155264,0.1008351452665454,-0.23668472061873702,0.04368991353917279,-0.2387067858681859,0.04175107836479519
358,1.1814474726396746,0.09543984707992628,1.0717458316001607,0.07943780427421285,-0.33464340568636963,0.03145038285881935,-0.3315306950815044,0.030392497696520627
359,1.2410976990802063,0.09679051552380293,1.1216945101494267,0.0837587503742991,-0.30760289626161863,0.03482898215798433,-0.30676273545502536,0.03342327791026284
360,1.1788467432785492,0.07542903919283023,1.0697828080824585,0.06448202234803993,-0.33582236259897835,0.031303077091161015,-0.33250409595304736,0.030273385579656628
361,1.1759486761781803,0.10845983802957396,1.0727016816576362,0.098543234402285,-0.3371361080014239,0.031138930061744435,-0.3310567194665305,0.03045049665716668
362,1.071623492924567,0.07968950117155711,0.9786760239406034,0.07043365639107016,-0.38442857056769125,0.0252299333645179,-0.3776810499158658,0.02474521853430693
363,0.9637478126166904,0.05953015214153843,0.8790072993980395,0.05677792534759356,-0.4333305366478148,0.019119835890730533,-0.42710359756260746,0.01869753104694767
364,0.9115043404690946,0.0768146476424138,0.8325837520465459,0.07501497098060271,-0.4570134325107025,0.016160756455218514,-0.4501235568471284,0.015880648341515233
365,0.906480250711824,0.08565001324899991,0.829087076137513,0.0779871322853408,-0.45929094182691127,0.015876191129221322,-0.4518574471172461,0.015668477439966494
366,0.8453064515160381,0.062140575693296805,0.7721931159242734,0.0542857422985746,-0.48702211390134753,0.012411296401685073,-0.48006935082481134,0.012216272218448032
367,0.7387536570904149,0.04525349138662723,0.6752670156406807,0.038841553306343084,-0.535324392263561,0.006376127416544965,-0.5281319184102227,0.006335001372714648
368,0.7505912133861425,0.07945483402992559,0.6836899700573023,0.06907530755305552,-0.5299582172851682,0.007046608683610129,-0.5239552434513288,0.006846088439051549
369,0.7717301238690982,0.06701808956465723,0.7045074487002464,0.055833606006975574,-0.5203755728887853,0.008243920285000737,-0.5136325184958533,0.008109249031154208
370,0.7150209453569342,0.050424030778391284,0.6522143004592017,0.0420302523202619,-0.5460828529366966,0.005031902456896888,-0.5395630260086434,0.004936211353151898
371,0.7092513640230642,0.08830203909647102,0.6475403703199771,0.07647018725334004,-0.5486983068543931,0.004705112357105363,-0.5418806791748051,0.00465260715384554
372,0.7782720743953169,0.11607977617117557,0.7107079522730829,0.0970122766915776,-0.5174099902679578,0.00861445751146189,-0.5105578861608983,0.008485482478957144
373,0.763933492694005,0.09691770811737702,0.6968908695119359,0.0806408146931218,-0.5239099245811732,0.007802317726286577,-0.5174093376491745,0.007647091108846744
374,0.7352455319744321,0.14305424409582043,0.6732320777877971,0.1255000327243883,-0.5369146878235705,0.006177426594008125,-0.5291409793112613,0.0062115256460318815
375,0.7459872063152204,0.13852277121520182,0.6835463711849581,0.1229216925323161,-0.5320452956421465,0.006785836914727143,-0.5240264495607981,0.006837375163071942
376,0.8706902609125732,0.10938316454850933,0.7865754262850926,0.09119996767053404,-0.4755151812678665,0.01384903982287344,-0.47293762096331143,0.01308896040431218
377,1.3819598629140568,0.20585605279619681,1.2217165148970206,0.1497693481413263,-0.24374757003687358,0.042807439850552784,-0.2571650074009305,0.03949240169356446
378,1.8540943346495355,0.22220725716477666,1.6402970685930918,0.2653999101780792,-0.029720609964209044,0.06954921922849708,-0.04960423591529787,0.06489098473611737
379,2.097714225631778,0.08015352469304285,1.8015535384351944,0.11908538051661978,0.08071662307345039,0.08334789262927347,0.03035771404136259,0.07467568640051293
380,2.191839623461273,0.43767736943638086,1.8776619078111043,0.32988603297995023,0.1233853413498905,0.08867917168916774,0.06809743158124512,0.07929378134725265
381,2.8454492424504245,1.0761249423287116,2.6093648986062448,1.0717674919256892,0.4196782159461694,0.12569973527153383,0.43092565168546443,0.12369197187496787
382,4.297586235814047,1.7809408111905203,3.967430270201451,1.7928516891520543,1.0779577632036383,0.20794902954640312,1.1043470368100479,0.20609650742518223
