Sequence_ID,ChainA_Mutations,ChainB_Mutations
AcrR_1,S21A;E48D;A51S;D62K;L64M;T78C;E79L;Q88L;A89M;T91D;H92S;Q94H;R95Y;A97C;Q101R;A104R;E106H;Y108K;D112N;H115F;D116S;R123H;L125I;L137C;Q138K;A140D;D152S;C155T;G166S;A170V,No mutations
AcrR_2,S21A;E48D;A51S;D62K;L64M;T78C;E79L;Q88L;A89M;T91D;H92T;Q94H;R95Y;A97C;Q101R;A104R;E106H;Y108K;D112N;H115F;D116S;R123H;L125I;L137C;Q138K;A140D;D152S;C155T;G166S;A170V,No mutations
AcrR_3,S21A;E48D;A51S;D62K;L64M;T78V;E79L;Q88L;A89M;T91D;H92S;Q94H;R95Y;A97C;Q101R;A104R;E106H;Y108K;D112N;H115F;D116S;R123H;L125I;L137C;Q138K;A140D;D152S;C155T;G166S;A170V,No mutations
AcrR_4,S21A;E48D;A51S;D62K;L64M;T78V;E79L;Q88L;A89M;T91D;H92T;Q94H;R95Y;A97C;Q101R;A104R;E106H;Y108K;D112N;H115F;D116S;R123H;L125I;L137C;Q138K;A140D;D152S;C155T;G166S;A170V,No mutations
AcrR_5,S21A;E48D;A51S;D62R;L64M;T78C;E79L;Q88L;A89M;T91D;H92S;Q94H;R95Y;A97C;Q101R;A104R;E106H;Y108K;D112N;H115F;D116S;R123H;L125I;L137C;Q138K;A140D;D152S;C155T;G166S;A170V,No mutations
AcrR_6,S21A;E48D;A51S;D62R;L64M;T78C;E79L;Q88L;A89M;T91D;H92T;Q94H;R95Y;A97C;Q101R;A104R;E106H;Y108K;D112N;H115F;D116S;R123H;L125I;L137C;Q138K;A140D;D152S;C155T;G166S;A170V,No mutations
AcrR_7,S21A;E48D;A51S;D62R;L64M;T78V;E79L;Q88L;A89M;T91D;H92S;Q94H;R95Y;A97C;Q101R;A104R;E106H;Y108K;D112N;H115F;D116S;R123H;L125I;L137C;Q138K;A140D;D152S;C155T;G166S;A170V,No mutations
AcrR_8,S21A;E48D;A51S;D62R;L64M;T78V;E79L;Q88L;A89M;T91D;H92T;Q94H;R95Y;A97C;Q101R;A104R;E106H;Y108K;D112N;H115F;D116S;R123H;L125I;L137C;Q138K;A140D;D152S;C155T;G166S;A170V,No mutations
AcrR_33,E48D;A51S;D62K;L64M;T78C;E79L;Q88L;A89M;T91D;H92S;Q94H;R95Y;A97C;Q101R;A104R;E106H;Y108K;D112N;H115F;D116S;R123H;L125I;L137C;Q138K;A140D;D152S;C155T;G166S;A170V,No mutations
AcrR_34,E48D;A51S;D62K;L64M;T78C;E79L;Q88L;A89M;T91D;H92T;Q94H;R95Y;A97C;Q101R;A104R;E106H;Y108K;D112N;H115F;D116S;R123H;L125I;L137C;Q138K;A140D;D152S;C155T;G166S;A170V,No mutations
AcrR_35,E48D;A51S;D62K;L64M;T78V;E79L;Q88L;A89M;T91D;H92S;Q94H;R95Y;A97C;Q101R;A104R;E106H;Y108K;D112N;H115F;D116S;R123H;L125I;L137C;Q138K;A140D;D152S;C155T;G166S;A170V,No mutations
AcrR_36,E48D;A51S;D62K;L64M;T78V;E79L;Q88L;A89M;T91D;H92T;Q94H;R95Y;A97C;Q101R;A104R;E106H;Y108K;D112N;H115F;D116S;R123H;L125I;L137C;Q138K;A140D;D152S;C155T;G166S;A170V,No mutations
AcrR_37,E48D;A51S;D62R;L64M;T78C;E79L;Q88L;A89M;T91D;H92S;Q94H;R95Y;A97C;Q101R;A104R;E106H;Y108K;D112N;H115F;D116S;R123H;L125I;L137C;Q138K;A140D;D152S;C155T;G166S;A170V,No mutations
AcrR_38,E48D;A51S;D62R;L64M;T78C;E79L;Q88L;A89M;T91D;H92T;Q94H;R95Y;A97C;Q101R;A104R;E106H;Y108K;D112N;H115F;D116S;R123H;L125I;L137C;Q138K;A140D;D152S;C155T;G166S;A170V,No mutations
AcrR_39,E48D;A51S;D62R;L64M;T78V;E79L;Q88L;A89M;T91D;H92S;Q94H;R95Y;A97C;Q101R;A104R;E106H;Y108K;D112N;H115F;D116S;R123H;L125I;L137C;Q138K;A140D;D152S;C155T;G166S;A170V,No mutations
AcrR_40,E48D;A51S;D62R;L64M;T78V;E79L;Q88L;A89M;T91D;H92T;Q94H;R95Y;A97C;Q101R;A104R;E106H;Y108K;D112N;H115F;D116S;R123H;L125I;L137C;Q138K;A140D;D152S;C155T;G166S;A170V,No mutations
AcrR_65,S21A;E48D;A51S;D62K;L64M;T78C;E79L;Q88L;A89M;T91D;H92S;Q94H;R95Y;A97C;Q101R;A104R;E106H;Y108K;D112N;H115F;D116S;R123H;L125I;L137C;Q138K;A140D;A150C;D152S;C155T;G166S;A170V,No mutations
AcrR_66,S21A;E48D;A51S;D62K;L64M;T78C;E79L;Q88L;A89M;T91D;H92T;Q94H;R95Y;A97C;Q101R;A104R;E106H;Y108K;D112N;H115F;D116S;R123H;L125I;L137C;Q138K;A140D;A150C;D152S;C155T;G166S;A170V,No mutations
AcrR_67,S21A;E48D;A51S;D62K;L64M;T78V;E79L;Q88L;A89M;T91D;H92S;Q94H;R95Y;A97C;Q101R;A104R;E106H;Y108K;D112N;H115F;D116S;R123H;L125I;L137C;Q138K;A140D;A150C;D152S;C155T;G166S;A170V,No mutations
AcrR_68,S21A;E48D;A51S;D62K;L64M;T78V;E79L;Q88L;A89M;T91D;H92T;Q94H;R95Y;A97C;Q101R;A104R;E106H;Y108K;D112N;H115F;D116S;R123H;L125I;L137C;Q138K;A140D;A150C;D152S;C155T;G166S;A170V,No mutations
AcrR_69,S21A;E48D;A51S;D62R;L64M;T78C;E79L;Q88L;A89M;T91D;H92S;Q94H;R95Y;A97C;Q101R;A104R;E106H;Y108K;D112N;H115F;D116S;R123H;L125I;L137C;Q138K;A140D;A150C;D152S;C155T;G166S;A170V,No mutations
AcrR_70,S21A;E48D;A51S;D62R;L64M;T78C;E79L;Q88L;A89M;T91D;H92T;Q94H;R95Y;A97C;Q101R;A104R;E106H;Y108K;D112N;H115F;D116S;R123H;L125I;L137C;Q138K;A140D;A150C;D152S;C155T;G166S;A170V,No mutations
AcrR_71,S21A;E48D;A51S;D62R;L64M;T78V;E79L;Q88L;A89M;T91D;H92S;Q94H;R95Y;A97C;Q101R;A104R;E106H;Y108K;D112N;H115F;D116S;R123H;L125I;L137C;Q138K;A140D;A150C;D152S;C155T;G166S;A170V,No mutations
AcrR_72,S21A;E48D;A51S;D62R;L64M;T78V;E79L;Q88L;A89M;T91D;H92T;Q94H;R95Y;A97C;Q101R;A104R;E106H;Y108K;D112N;H115F;D116S;R123H;L125I;L137C;Q138K;A140D;A150C;D152S;C155T;G166S;A170V,No mutations
AcrR_97,E48D;A51S;D62K;L64M;T78C;E79L;Q88L;A89M;T91D;H92S;Q94H;R95Y;A97C;Q101R;A104R;E106H;Y108K;D112N;H115F;D116S;R123H;L125I;L137C;Q138K;A140D;A150C;D152S;C155T;G166S;A170V,No mutations
AcrR_98,E48D;A51S;D62K;L64M;T78C;E79L;Q88L;A89M;T91D;H92T;Q94H;R95Y;A97C;Q101R;A104R;E106H;Y108K;D112N;H115F;D116S;R123H;L125I;L137C;Q138K;A140D;A150C;D152S;C155T;G166S;A170V,No mutations
AcrR_99,E48D;A51S;D62K;L64M;T78V;E79L;Q88L;A89M;T91D;H92S;Q94H;R95Y;A97C;Q101R;A104R;E106H;Y108K;D112N;H115F;D116S;R123H;L125I;L137C;Q138K;A140D;A150C;D152S;C155T;G166S;A170V,No mutations
AcrR_100,E48D;A51S;D62K;L64M;T78V;E79L;Q88L;A89M;T91D;H92T;Q94H;R95Y;A97C;Q101R;A104R;E106H;Y108K;D112N;H115F;D116S;R123H;L125I;L137C;Q138K;A140D;A150C;D152S;C155T;G166S;A170V,No mutations
AcrR_101,E48D;A51S;D62R;L64M;T78C;E79L;Q88L;A89M;T91D;H92S;Q94H;R95Y;A97C;Q101R;A104R;E106H;Y108K;D112N;H115F;D116S;R123H;L125I;L137C;Q138K;A140D;A150C;D152S;C155T;G166S;A170V,No mutations
AcrR_102,E48D;A51S;D62R;L64M;T78C;E79L;Q88L;A89M;T91D;H92T;Q94H;R95Y;A97C;Q101R;A104R;E106H;Y108K;D112N;H115F;D116S;R123H;L125I;L137C;Q138K;A140D;A150C;D152S;C155T;G166S;A170V,No mutations
AcrR_103,E48D;A51S;D62R;L64M;T78V;E79L;Q88L;A89M;T91D;H92S;Q94H;R95Y;A97C;Q101R;A104R;E106H;Y108K;D112N;H115F;D116S;R123H;L125I;L137C;Q138K;A140D;A150C;D152S;C155T;G166S;A170V,No mutations
AcrR_104,E48D;A51S;D62R;L64M;T78V;E79L;Q88L;A89M;T91D;H92T;Q94H;R95Y;A97C;Q101R;A104R;E106H;Y108K;D112N;H115F;D116S;R123H;L125I;L137C;Q138K;A140D;A150C;D152S;C155T;G166S;A170V,No mutations
AcrR_129,S21A;E48D;A51S;D62K;L64M;T78C;E79L;Q88L;A89M;T91D;H92S;Q94H;R95Y;A97C;Q101R;A104R;E106H;Y108K;D112N;H115F;D116S;R123H;L125I;L137C;Q138K;A140D;L146M;D152S;C155T;G166S;A170V,No mutations
AcrR_130,S21A;E48D;A51S;D62K;L64M;T78C;E79L;Q88L;A89M;T91D;H92T;Q94H;R95Y;A97C;Q101R;A104R;E106H;Y108K;D112N;H115F;D116S;R123H;L125I;L137C;Q138K;A140D;L146M;D152S;C155T;G166S;A170V,No mutations
AcrR_131,S21A;E48D;A51S;D62K;L64M;T78V;E79L;Q88L;A89M;T91D;H92S;Q94H;R95Y;A97C;Q101R;A104R;E106H;Y108K;D112N;H115F;D116S;R123H;L125I;L137C;Q138K;A140D;L146M;D152S;C155T;G166S;A170V,No mutations
AcrR_132,S21A;E48D;A51S;D62K;L64M;T78V;E79L;Q88L;A89M;T91D;H92T;Q94H;R95Y;A97C;Q101R;A104R;E106H;Y108K;D112N;H115F;D116S;R123H;L125I;L137C;Q138K;A140D;L146M;D152S;C155T;G166S;A170V,No mutations
AcrR_133,S21A;E48D;A51S;D62R;L64M;T78C;E79L;Q88L;A89M;T91D;H92S;Q94H;R95Y;A97C;Q101R;A104R;E106H;Y108K;D112N;H115F;D116S;R123H;L125I;L137C;Q138K;A140D;L146M;D152S;C155T;G166S;A170V,No mutations
AcrR_134,S21A;E48D;A51S;D62R;L64M;T78C;E79L;Q88L;A89M;T91D;H92T;Q94H;R95Y;A97C;Q101R;A104R;E106H;Y108K;D112N;H115F;D116S;R123H;L125I;L137C;Q138K;A140D;L146M;D152S;C155T;G166S;A170V,No mutations
AcrR_135,S21A;E48D;A51S;D62R;L64M;T78V;E79L;Q88L;A89M;T91D;H92S;Q94H;R95Y;A97C;Q101R;A104R;E106H;Y108K;D112N;H115F;D116S;R123H;L125I;L137C;Q138K;A140D;L146M;D152S;C155T;G166S;A170V,No mutations
AcrR_136,S21A;E48D;A51S;D62R;L64M;T78V;E79L;Q88L;A89M;T91D;H92T;Q94H;R95Y;A97C;Q101R;A104R;E106H;Y108K;D112N;H115F;D116S;R123H;L125I;L137C;Q138K;A140D;L146M;D152S;C155T;G166S;A170V,No mutations
AcrR_161,E48D;A51S;D62K;L64M;T78C;E79L;Q88L;A89M;T91D;H92S;Q94H;R95Y;A97C;Q101R;A104R;E106H;Y108K;D112N;H115F;D116S;R123H;L125I;L137C;Q138K;A140D;L146M;D152S;C155T;G166S;A170V,No mutations
AcrR_162,E48D;A51S;D62K;L64M;T78C;E79L;Q88L;A89M;T91D;H92T;Q94H;R95Y;A97C;Q101R;A104R;E106H;Y108K;D112N;H115F;D116S;R123H;L125I;L137C;Q138K;A140D;L146M;D152S;C155T;G166S;A170V,No mutations
AcrR_163,E48D;A51S;D62K;L64M;T78V;E79L;Q88L;A89M;T91D;H92S;Q94H;R95Y;A97C;Q101R;A104R;E106H;Y108K;D112N;H115F;D116S;R123H;L125I;L137C;Q138K;A140D;L146M;D152S;C155T;G166S;A170V,No mutations
AcrR_164,E48D;A51S;D62K;L64M;T78V;E79L;Q88L;A89M;T91D;H92T;Q94H;R95Y;A97C;Q101R;A104R;E106H;Y108K;D112N;H115F;D116S;R123H;L125I;L137C;Q138K;A140D;L146M;D152S;C155T;G166S;A170V,No mutations
AcrR_165,E48D;A51S;D62R;L64M;T78C;E79L;Q88L;A89M;T91D;H92S;Q94H;R95Y;A97C;Q101R;A104R;E106H;Y108K;D112N;H115F;D116S;R123H;L125I;L137C;Q138K;A140D;L146M;D152S;C155T;G166S;A170V,No mutations
AcrR_166,E48D;A51S;D62R;L64M;T78C;E79L;Q88L;A89M;T91D;H92T;Q94H;R95Y;A97C;Q101R;A104R;E106H;Y108K;D112N;H115F;D116S;R123H;L125I;L137C;Q138K;A140D;L146M;D152S;C155T;G166S;A170V,No mutations
AcrR_167,E48D;A51S;D62R;L64M;T78V;E79L;Q88L;A89M;T91D;H92S;Q94H;R95Y;A97C;Q101R;A104R;E106H;Y108K;D112N;H115F;D116S;R123H;L125I;L137C;Q138K;A140D;L146M;D152S;C155T;G166S;A170V,No mutations
AcrR_168,E48D;A51S;D62R;L64M;T78V;E79L;Q88L;A89M;T91D;H92T;Q94H;R95Y;A97C;Q101R;A104R;E106H;Y108K;D112N;H115F;D116S;R123H;L125I;L137C;Q138K;A140D;L146M;D152S;C155T;G166S;A170V,No mutations
AcrR_193,S21A;E48D;A51S;D62K;L64M;T78C;E79L;Q88L;A89M;T91D;H92S;Q94H;R95Y;A97C;Q101R;A104R;E106H;Y108K;D112N;H115F;D116S;R123H;L125I;L137C;Q138K;A140D;L146M;A150C;D152S;C155T;G166S;A170V,No mutations
AcrR_194,S21A;E48D;A51S;D62K;L64M;T78C;E79L;Q88L;A89M;T91D;H92T;Q94H;R95Y;A97C;Q101R;A104R;E106H;Y108K;D112N;H115F;D116S;R123H;L125I;L137C;Q138K;A140D;L146M;A150C;D152S;C155T;G166S;A170V,No mutations
AcrR_195,S21A;E48D;A51S;D62K;L64M;T78V;E79L;Q88L;A89M;T91D;H92S;Q94H;R95Y;A97C;Q101R;A104R;E106H;Y108K;D112N;H115F;D116S;R123H;L125I;L137C;Q138K;A140D;L146M;A150C;D152S;C155T;G166S;A170V,No mutations
AcrR_196,S21A;E48D;A51S;D62K;L64M;T78V;E79L;Q88L;A89M;T91D;H92T;Q94H;R95Y;A97C;Q101R;A104R;E106H;Y108K;D112N;H115F;D116S;R123H;L125I;L137C;Q138K;A140D;L146M;A150C;D152S;C155T;G166S;A170V,No mutations
AcrR_197,S21A;E48D;A51S;D62R;L64M;T78C;E79L;Q88L;A89M;T91D;H92S;Q94H;R95Y;A97C;Q101R;A104R;E106H;Y108K;D112N;H115F;D116S;R123H;L125I;L137C;Q138K;A140D;L146M;A150C;D152S;C155T;G166S;A170V,No mutations
AcrR_198,S21A;E48D;A51S;D62R;L64M;T78C;E79L;Q88L;A89M;T91D;H92T;Q94H;R95Y;A97C;Q101R;A104R;E106H;Y108K;D112N;H115F;D116S;R123H;L125I;L137C;Q138K;A140D;L146M;A150C;D152S;C155T;G166S;A170V,No mutations
AcrR_199,S21A;E48D;A51S;D62R;L64M;T78V;E79L;Q88L;A89M;T91D;H92S;Q94H;R95Y;A97C;Q101R;A104R;E106H;Y108K;D112N;H115F;D116S;R123H;L125I;L137C;Q138K;A140D;L146M;A150C;D152S;C155T;G166S;A170V,No mutations
AcrR_200,S21A;E48D;A51S;D62R;L64M;T78V;E79L;Q88L;A89M;T91D;H92T;Q94H;R95Y;A97C;Q101R;A104R;E106H;Y108K;D112N;H115F;D116S;R123H;L125I;L137C;Q138K;A140D;L146M;A150C;D152S;C155T;G166S;A170V,No mutations
AcrR_225,E48D;A51S;D62K;L64M;T78C;E79L;Q88L;A89M;T91D;H92S;Q94H;R95Y;A97C;Q101R;A104R;E106H;Y108K;D112N;H115F;D116S;R123H;L125I;L137C;Q138K;A140D;L146M;A150C;D152S;C155T;G166S;A170V,No mutations
AcrR_226,E48D;A51S;D62K;L64M;T78C;E79L;Q88L;A89M;T91D;H92T;Q94H;R95Y;A97C;Q101R;A104R;E106H;Y108K;D112N;H115F;D116S;R123H;L125I;L137C;Q138K;A140D;L146M;A150C;D152S;C155T;G166S;A170V,No mutations
AcrR_227,E48D;A51S;D62K;L64M;T78V;E79L;Q88L;A89M;T91D;H92S;Q94H;R95Y;A97C;Q101R;A104R;E106H;Y108K;D112N;H115F;D116S;R123H;L125I;L137C;Q138K;A140D;L146M;A150C;D152S;C155T;G166S;A170V,No mutations
AcrR_228,E48D;A51S;D62K;L64M;T78V;E79L;Q88L;A89M;T91D;H92T;Q94H;R95Y;A97C;Q101R;A104R;E106H;Y108K;D112N;H115F;D116S;R123H;L125I;L137C;Q138K;A140D;L146M;A150C;D152S;C155T;G166S;A170V,No mutations
AcrR_229,E48D;A51S;D62R;L64M;T78C;E79L;Q88L;A89M;T91D;H92S;Q94H;R95Y;A97C;Q101R;A104R;E106H;Y108K;D112N;H115F;D116S;R123H;L125I;L137C;Q138K;A140D;L146M;A150C;D152S;C155T;G166S;A170V,No mutations
AcrR_230,E48D;A51S;D62R;L64M;T78C;E79L;Q88L;A89M;T91D;H92T;Q94H;R95Y;A97C;Q101R;A104R;E106H;Y108K;D112N;H115F;D116S;R123H;L125I;L137C;Q138K;A140D;L146M;A150C;D152S;C155T;G166S;A170V,No mutations
AcrR_231,E48D;A51S;D62R;L64M;T78V;E79L;Q88L;A89M;T91D;H92S;Q94H;R95Y;A97C;Q101R;A104R;E106H;Y108K;D112N;H115F;D116S;R123H;L125I;L137C;Q138K;A140D;L146M;A150C;D152S;C155T;G166S;A170V,No mutations
AcrR_232,E48D;A51S;D62R;L64M;T78V;E79L;Q88L;A89M;T91D;H92T;Q94H;R95Y;A97C;Q101R;A104R;E106H;Y108K;D112N;H115F;D116S;R123H;L125I;L137C;Q138K;A140D;L146M;A150C;D152S;C155T;G166S;A170V,No mutations
AcrR_257,S21A;E48D;A51S;D62K;L64M;T78C;E79L;Q88L;A89M;T91D;H92S;Q94H;R95Y;A97C;Q101R;A104R;E106H;Y108K;D112N;H115F;D116S;R123H;L125I;L137C;Q138R;A140D;D152S;C155T;G166S;A170V,No mutations
AcrR_258,S21A;E48D;A51S;D62K;L64M;T78C;E79L;Q88L;A89M;T91D;H92T;Q94H;R95Y;A97C;Q101R;A104R;E106H;Y108K;D112N;H115F;D116S;R123H;L125I;L137C;Q138R;A140D;D152S;C155T;G166S;A170V,No mutations
AcrR_259,S21A;E48D;A51S;D62K;L64M;T78V;E79L;Q88L;A89M;T91D;H92S;Q94H;R95Y;A97C;Q101R;A104R;E106H;Y108K;D112N;H115F;D116S;R123H;L125I;L137C;Q138R;A140D;D152S;C155T;G166S;A170V,No mutations
AcrR_260,S21A;E48D;A51S;D62K;L64M;T78V;E79L;Q88L;A89M;T91D;H92T;Q94H;R95Y;A97C;Q101R;A104R;E106H;Y108K;D112N;H115F;D116S;R123H;L125I;L137C;Q138R;A140D;D152S;C155T;G166S;A170V,No mutations
AcrR_261,S21A;E48D;A51S;D62R;L64M;T78C;E79L;Q88L;A89M;T91D;H92S;Q94H;R95Y;A97C;Q101R;A104R;E106H;Y108K;D112N;H115F;D116S;R123H;L125I;L137C;Q138R;A140D;D152S;C155T;G166S;A170V,No mutations
AcrR_262,S21A;E48D;A51S;D62R;L64M;T78C;E79L;Q88L;A89M;T91D;H92T;Q94H;R95Y;A97C;Q101R;A104R;E106H;Y108K;D112N;H115F;D116S;R123H;L125I;L137C;Q138R;A140D;D152S;C155T;G166S;A170V,No mutations
AcrR_263,S21A;E48D;A51S;D62R;L64M;T78V;E79L;Q88L;A89M;T91D;H92S;Q94H;R95Y;A97C;Q101R;A104R;E106H;Y108K;D112N;H115F;D116S;R123H;L125I;L137C;Q138R;A140D;D152S;C155T;G166S;A170V,No mutations
AcrR_264,S21A;E48D;A51S;D62R;L64M;T78V;E79L;Q88L;A89M;T91D;H92T;Q94H;R95Y;A97C;Q101R;A104R;E106H;Y108K;D112N;H115F;D116S;R123H;L125I;L137C;Q138R;A140D;D152S;C155T;G166S;A170V,No mutations
AcrR_289,E48D;A51S;D62K;L64M;T78C;E79L;Q88L;A89M;T91D;H92S;Q94H;R95Y;A97C;Q101R;A104R;E106H;Y108K;D112N;H115F;D116S;R123H;L125I;L137C;Q138R;A140D;D152S;C155T;G166S;A170V,No mutations
AcrR_290,E48D;A51S;D62K;L64M;T78C;E79L;Q88L;A89M;T91D;H92T;Q94H;R95Y;A97C;Q101R;A104R;E106H;Y108K;D112N;H115F;D116S;R123H;L125I;L137C;Q138R;A140D;D152S;C155T;G166S;A170V,No mutations
AcrR_291,E48D;A51S;D62K;L64M;T78V;E79L;Q88L;A89M;T91D;H92S;Q94H;R95Y;A97C;Q101R;A104R;E106H;Y108K;D112N;H115F;D116S;R123H;L125I;L137C;Q138R;A140D;D152S;C155T;G166S;A170V,No mutations
AcrR_292,E48D;A51S;D62K;L64M;T78V;E79L;Q88L;A89M;T91D;H92T;Q94H;R95Y;A97C;Q101R;A104R;E106H;Y108K;D112N;H115F;D116S;R123H;L125I;L137C;Q138R;A140D;D152S;C155T;G166S;A170V,No mutations
AcrR_293,E48D;A51S;D62R;L64M;T78C;E79L;Q88L;A89M;T91D;H92S;Q94H;R95Y;A97C;Q101R;A104R;E106H;Y108K;D112N;H115F;D116S;R123H;L125I;L137C;Q138R;A140D;D152S;C155T;G166S;A170V,No mutations
AcrR_294,E48D;A51S;D62R;L64M;T78C;E79L;Q88L;A89M;T91D;H92T;Q94H;R95Y;A97C;Q101R;A104R;E106H;Y108K;D112N;H115F;D116S;R123H;L125I;L137C;Q138R;A140D;D152S;C155T;G166S;A170V,No mutations
AcrR_295,E48D;A51S;D62R;L64M;T78V;E79L;Q88L;A89M;T91D;H92S;Q94H;R95Y;A97C;Q101R;A104R;E106H;Y108K;D112N;H115F;D116S;R123H;L125I;L137C;Q138R;A140D;D152S;C155T;G166S;A170V,No mutations
AcrR_296,E48D;A51S;D62R;L64M;T78V;E79L;Q88L;A89M;T91D;H92T;Q94H;R95Y;A97C;Q101R;A104R;E106H;Y108K;D112N;H115F;D116S;R123H;L125I;L137C;Q138R;A140D;D152S;C155T;G166S;A170V,No mutations
AcrR_321,S21A;E48D;A51S;D62K;L64M;T78C;E79L;Q88L;A89M;T91D;H92S;Q94H;R95Y;A97C;Q101R;A104R;E106H;Y108K;D112N;H115F;D116S;R123H;L125I;L137C;Q138R;A140D;A150C;D152S;C155T;G166S;A170V,No mutations
AcrR_322,S21A;E48D;A51S;D62K;L64M;T78C;E79L;Q88L;A89M;T91D;H92T;Q94H;R95Y;A97C;Q101R;A104R;E106H;Y108K;D112N;H115F;D116S;R123H;L125I;L137C;Q138R;A140D;A150C;D152S;C155T;G166S;A170V,No mutations
AcrR_323,S21A;E48D;A51S;D62K;L64M;T78V;E79L;Q88L;A89M;T91D;H92S;Q94H;R95Y;A97C;Q101R;A104R;E106H;Y108K;D112N;H115F;D116S;R123H;L125I;L137C;Q138R;A140D;A150C;D152S;C155T;G166S;A170V,No mutations
AcrR_324,S21A;E48D;A51S;D62K;L64M;T78V;E79L;Q88L;A89M;T91D;H92T;Q94H;R95Y;A97C;Q101R;A104R;E106H;Y108K;D112N;H115F;D116S;R123H;L125I;L137C;Q138R;A140D;A150C;D152S;C155T;G166S;A170V,No mutations
AcrR_325,S21A;E48D;A51S;D62R;L64M;T78C;E79L;Q88L;A89M;T91D;H92S;Q94H;R95Y;A97C;Q101R;A104R;E106H;Y108K;D112N;H115F;D116S;R123H;L125I;L137C;Q138R;A140D;A150C;D152S;C155T;G166S;A170V,No mutations
AcrR_326,S21A;E48D;A51S;D62R;L64M;T78C;E79L;Q88L;A89M;T91D;H92T;Q94H;R95Y;A97C;Q101R;A104R;E106H;Y108K;D112N;H115F;D116S;R123H;L125I;L137C;Q138R;A140D;A150C;D152S;C155T;G166S;A170V,No mutations
AcrR_327,S21A;E48D;A51S;D62R;L64M;T78V;E79L;Q88L;A89M;T91D;H92S;Q94H;R95Y;A97C;Q101R;A104R;E106H;Y108K;D112N;H115F;D116S;R123H;L125I;L137C;Q138R;A140D;A150C;D152S;C155T;G166S;A170V,No mutations
AcrR_328,S21A;E48D;A51S;D62R;L64M;T78V;E79L;Q88L;A89M;T91D;H92T;Q94H;R95Y;A97C;Q101R;A104R;E106H;Y108K;D112N;H115F;D116S;R123H;L125I;L137C;Q138R;A140D;A150C;D152S;C155T;G166S;A170V,No mutations
AcrR_353,E48D;A51S;D62K;L64M;T78C;E79L;Q88L;A89M;T91D;H92S;Q94H;R95Y;A97C;Q101R;A104R;E106H;Y108K;D112N;H115F;D116S;R123H;L125I;L137C;Q138R;A140D;A150C;D152S;C155T;G166S;A170V,No mutations
AcrR_354,E48D;A51S;D62K;L64M;T78C;E79L;Q88L;A89M;T91D;H92T;Q94H;R95Y;A97C;Q101R;A104R;E106H;Y108K;D112N;H115F;D116S;R123H;L125I;L137C;Q138R;A140D;A150C;D152S;C155T;G166S;A170V,No mutations
AcrR_355,E48D;A51S;D62K;L64M;T78V;E79L;Q88L;A89M;T91D;H92S;Q94H;R95Y;A97C;Q101R;A104R;E106H;Y108K;D112N;H115F;D116S;R123H;L125I;L137C;Q138R;A140D;A150C;D152S;C155T;G166S;A170V,No mutations
AcrR_356,E48D;A51S;D62K;L64M;T78V;E79L;Q88L;A89M;T91D;H92T;Q94H;R95Y;A97C;Q101R;A104R;E106H;Y108K;D112N;H115F;D116S;R123H;L125I;L137C;Q138R;A140D;A150C;D152S;C155T;G166S;A170V,No mutations
AcrR_357,E48D;A51S;D62R;L64M;T78C;E79L;Q88L;A89M;T91D;H92S;Q94H;R95Y;A97C;Q101R;A104R;E106H;Y108K;D112N;H115F;D116S;R123H;L125I;L137C;Q138R;A140D;A150C;D152S;C155T;G166S;A170V,No mutations
AcrR_358,E48D;A51S;D62R;L64M;T78C;E79L;Q88L;A89M;T91D;H92T;Q94H;R95Y;A97C;Q101R;A104R;E106H;Y108K;D112N;H115F;D116S;R123H;L125I;L137C;Q138R;A140D;A150C;D152S;C155T;G166S;A170V,No mutations
AcrR_359,E48D;A51S;D62R;L64M;T78V;E79L;Q88L;A89M;T91D;H92S;Q94H;R95Y;A97C;Q101R;A104R;E106H;Y108K;D112N;H115F;D116S;R123H;L125I;L137C;Q138R;A140D;A150C;D152S;C155T;G166S;A170V,No mutations
AcrR_360,E48D;A51S;D62R;L64M;T78V;E79L;Q88L;A89M;T91D;H92T;Q94H;R95Y;A97C;Q101R;A104R;E106H;Y108K;D112N;H115F;D116S;R123H;L125I;L137C;Q138R;A140D;A150C;D152S;C155T;G166S;A170V,No mutations
AcrR_385,S21A;E48D;A51S;D62K;L64M;T78C;E79L;Q88L;A89M;T91D;H92S;Q94H;R95Y;A97C;Q101R;A104R;E106H;Y108K;D112N;H115F;D116S;R123H;L125I;L137C;Q138R;A140D;L146M;D152S;C155T;G166S;A170V,No mutations
AcrR_386,S21A;E48D;A51S;D62K;L64M;T78C;E79L;Q88L;A89M;T91D;H92T;Q94H;R95Y;A97C;Q101R;A104R;E106H;Y108K;D112N;H115F;D116S;R123H;L125I;L137C;Q138R;A140D;L146M;D152S;C155T;G166S;A170V,No mutations
AcrR_387,S21A;E48D;A51S;D62K;L64M;T78V;E79L;Q88L;A89M;T91D;H92S;Q94H;R95Y;A97C;Q101R;A104R;E106H;Y108K;D112N;H115F;D116S;R123H;L125I;L137C;Q138R;A140D;L146M;D152S;C155T;G166S;A170V,No mutations
AcrR_388,S21A;E48D;A51S;D62K;L64M;T78V;E79L;Q88L;A89M;T91D;H92T;Q94H;R95Y;A97C;Q101R;A104R;E106H;Y108K;D112N;H115F;D116S;R123H;L125I;L137C;Q138R;A140D;L146M;D152S;C155T;G166S;A170V,No mutations
AcrR_389,S21A;E48D;A51S;D62R;L64M;T78C;E79L;Q88L;A89M;T91D;H92S;Q94H;R95Y;A97C;Q101R;A104R;E106H;Y108K;D112N;H115F;D116S;R123H;L125I;L137C;Q138R;A140D;L146M;D152S;C155T;G166S;A170V,No mutations
AcrR_390,S21A;E48D;A51S;D62R;L64M;T78C;E79L;Q88L;A89M;T91D;H92T;Q94H;R95Y;A97C;Q101R;A104R;E106H;Y108K;D112N;H115F;D116S;R123H;L125I;L137C;Q138R;A140D;L146M;D152S;C155T;G166S;A170V,No mutations
AcrR_391,S21A;E48D;A51S;D62R;L64M;T78V;E79L;Q88L;A89M;T91D;H92S;Q94H;R95Y;A97C;Q101R;A104R;E106H;Y108K;D112N;H115F;D116S;R123H;L125I;L137C;Q138R;A140D;L146M;D152S;C155T;G166S;A170V,No mutations
AcrR_392,S21A;E48D;A51S;D62R;L64M;T78V;E79L;Q88L;A89M;T91D;H92T;Q94H;R95Y;A97C;Q101R;A104R;E106H;Y108K;D112N;H115F;D116S;R123H;L125I;L137C;Q138R;A140D;L146M;D152S;C155T;G166S;A170V,No mutations
AcrR_417,E48D;A51S;D62K;L64M;T78C;E79L;Q88L;A89M;T91D;H92S;Q94H;R95Y;A97C;Q101R;A104R;E106H;Y108K;D112N;H115F;D116S;R123H;L125I;L137C;Q138R;A140D;L146M;D152S;C155T;G166S;A170V,No mutations
AcrR_418,E48D;A51S;D62K;L64M;T78C;E79L;Q88L;A89M;T91D;H92T;Q94H;R95Y;A97C;Q101R;A104R;E106H;Y108K;D112N;H115F;D116S;R123H;L125I;L137C;Q138R;A140D;L146M;D152S;C155T;G166S;A170V,No mutations
AcrR_419,E48D;A51S;D62K;L64M;T78V;E79L;Q88L;A89M;T91D;H92S;Q94H;R95Y;A97C;Q101R;A104R;E106H;Y108K;D112N;H115F;D116S;R123H;L125I;L137C;Q138R;A140D;L146M;D152S;C155T;G166S;A170V,No mutations
AcrR_420,E48D;A51S;D62K;L64M;T78V;E79L;Q88L;A89M;T91D;H92T;Q94H;R95Y;A97C;Q101R;A104R;E106H;Y108K;D112N;H115F;D116S;R123H;L125I;L137C;Q138R;A140D;L146M;D152S;C155T;G166S;A170V,No mutations
AcrR_421,E48D;A51S;D62R;L64M;T78C;E79L;Q88L;A89M;T91D;H92S;Q94H;R95Y;A97C;Q101R;A104R;E106H;Y108K;D112N;H115F;D116S;R123H;L125I;L137C;Q138R;A140D;L146M;D152S;C155T;G166S;A170V,No mutations
AcrR_422,E48D;A51S;D62R;L64M;T78C;E79L;Q88L;A89M;T91D;H92T;Q94H;R95Y;A97C;Q101R;A104R;E106H;Y108K;D112N;H115F;D116S;R123H;L125I;L137C;Q138R;A140D;L146M;D152S;C155T;G166S;A170V,No mutations
AcrR_423,E48D;A51S;D62R;L64M;T78V;E79L;Q88L;A89M;T91D;H92S;Q94H;R95Y;A97C;Q101R;A104R;E106H;Y108K;D112N;H115F;D116S;R123H;L125I;L137C;Q138R;A140D;L146M;D152S;C155T;G166S;A170V,No mutations
AcrR_424,E48D;A51S;D62R;L64M;T78V;E79L;Q88L;A89M;T91D;H92T;Q94H;R95Y;A97C;Q101R;A104R;E106H;Y108K;D112N;H115F;D116S;R123H;L125I;L137C;Q138R;A140D;L146M;D152S;C155T;G166S;A170V,No mutations
AcrR_449,S21A;E48D;A51S;D62K;L64M;T78C;E79L;Q88L;A89M;T91D;H92S;Q94H;R95Y;A97C;Q101R;A104R;E106H;Y108K;D112N;H115F;D116S;R123H;L125I;L137C;Q138R;A140D;L146M;A150C;D152S;C155T;G166S;A170V,No mutations
AcrR_450,S21A;E48D;A51S;D62K;L64M;T78C;E79L;Q88L;A89M;T91D;H92T;Q94H;R95Y;A97C;Q101R;A104R;E106H;Y108K;D112N;H115F;D116S;R123H;L125I;L137C;Q138R;A140D;L146M;A150C;D152S;C155T;G166S;A170V,No mutations
AcrR_451,S21A;E48D;A51S;D62K;L64M;T78V;E79L;Q88L;A89M;T91D;H92S;Q94H;R95Y;A97C;Q101R;A104R;E106H;Y108K;D112N;H115F;D116S;R123H;L125I;L137C;Q138R;A140D;L146M;A150C;D152S;C155T;G166S;A170V,No mutations
AcrR_452,S21A;E48D;A51S;D62K;L64M;T78V;E79L;Q88L;A89M;T91D;H92T;Q94H;R95Y;A97C;Q101R;A104R;E106H;Y108K;D112N;H115F;D116S;R123H;L125I;L137C;Q138R;A140D;L146M;A150C;D152S;C155T;G166S;A170V,No mutations
AcrR_453,S21A;E48D;A51S;D62R;L64M;T78C;E79L;Q88L;A89M;T91D;H92S;Q94H;R95Y;A97C;Q101R;A104R;E106H;Y108K;D112N;H115F;D116S;R123H;L125I;L137C;Q138R;A140D;L146M;A150C;D152S;C155T;G166S;A170V,No mutations
AcrR_454,S21A;E48D;A51S;D62R;L64M;T78C;E79L;Q88L;A89M;T91D;H92T;Q94H;R95Y;A97C;Q101R;A104R;E106H;Y108K;D112N;H115F;D116S;R123H;L125I;L137C;Q138R;A140D;L146M;A150C;D152S;C155T;G166S;A170V,No mutations
AcrR_455,S21A;E48D;A51S;D62R;L64M;T78V;E79L;Q88L;A89M;T91D;H92S;Q94H;R95Y;A97C;Q101R;A104R;E106H;Y108K;D112N;H115F;D116S;R123H;L125I;L137C;Q138R;A140D;L146M;A150C;D152S;C155T;G166S;A170V,No mutations
AcrR_456,S21A;E48D;A51S;D62R;L64M;T78V;E79L;Q88L;A89M;T91D;H92T;Q94H;R95Y;A97C;Q101R;A104R;E106H;Y108K;D112N;H115F;D116S;R123H;L125I;L137C;Q138R;A140D;L146M;A150C;D152S;C155T;G166S;A170V,No mutations
AcrR_481,E48D;A51S;D62K;L64M;T78C;E79L;Q88L;A89M;T91D;H92S;Q94H;R95Y;A97C;Q101R;A104R;E106H;Y108K;D112N;H115F;D116S;R123H;L125I;L137C;Q138R;A140D;L146M;A150C;D152S;C155T;G166S;A170V,No mutations
AcrR_482,E48D;A51S;D62K;L64M;T78C;E79L;Q88L;A89M;T91D;H92T;Q94H;R95Y;A97C;Q101R;A104R;E106H;Y108K;D112N;H115F;D116S;R123H;L125I;L137C;Q138R;A140D;L146M;A150C;D152S;C155T;G166S;A170V,No mutations
AcrR_483,E48D;A51S;D62K;L64M;T78V;E79L;Q88L;A89M;T91D;H92S;Q94H;R95Y;A97C;Q101R;A104R;E106H;Y108K;D112N;H115F;D116S;R123H;L125I;L137C;Q138R;A140D;L146M;A150C;D152S;C155T;G166S;A170V,No mutations
AcrR_484,E48D;A51S;D62K;L64M;T78V;E79L;Q88L;A89M;T91D;H92T;Q94H;R95Y;A97C;Q101R;A104R;E106H;Y108K;D112N;H115F;D116S;R123H;L125I;L137C;Q138R;A140D;L146M;A150C;D152S;C155T;G166S;A170V,No mutations
AcrR_485,E48D;A51S;D62R;L64M;T78C;E79L;Q88L;A89M;T91D;H92S;Q94H;R95Y;A97C;Q101R;A104R;E106H;Y108K;D112N;H115F;D116S;R123H;L125I;L137C;Q138R;A140D;L146M;A150C;D152S;C155T;G166S;A170V,No mutations
AcrR_486,E48D;A51S;D62R;L64M;T78C;E79L;Q88L;A89M;T91D;H92T;Q94H;R95Y;A97C;Q101R;A104R;E106H;Y108K;D112N;H115F;D116S;R123H;L125I;L137C;Q138R;A140D;L146M;A150C;D152S;C155T;G166S;A170V,No mutations
AcrR_487,E48D;A51S;D62R;L64M;T78V;E79L;Q88L;A89M;T91D;H92S;Q94H;R95Y;A97C;Q101R;A104R;E106H;Y108K;D112N;H115F;D116S;R123H;L125I;L137C;Q138R;A140D;L146M;A150C;D152S;C155T;G166S;A170V,No mutations
AcrR_488,E48D;A51S;D62R;L64M;T78V;E79L;Q88L;A89M;T91D;H92T;Q94H;R95Y;A97C;Q101R;A104R;E106H;Y108K;D112N;H115F;D116S;R123H;L125I;L137C;Q138R;A140D;L146M;A150C;D152S;C155T;G166S;A170V,No mutations
AcrR_513,S21A;E48D;A51S;D62K;L64M;T78C;E79L;Q88L;A89M;T91D;H92S;Q94H;R95Y;A97C;Q101R;A104R;E106H;Y108K;D112N;H115F;D116S;R123H;L137C;Q138K;A140D;D152S;C155T;G166S;A170V,No mutations
AcrR_514,S21A;E48D;A51S;D62K;L64M;T78C;E79L;Q88L;A89M;T91D;H92T;Q94H;R95Y;A97C;Q101R;A104R;E106H;Y108K;D112N;H115F;D116S;R123H;L137C;Q138K;A140D;D152S;C155T;G166S;A170V,No mutations
AcrR_515,S21A;E48D;A51S;D62K;L64M;T78V;E79L;Q88L;A89M;T91D;H92S;Q94H;R95Y;A97C;Q101R;A104R;E106H;Y108K;D112N;H115F;D116S;R123H;L137C;Q138K;A140D;D152S;C155T;G166S;A170V,No mutations
AcrR_516,S21A;E48D;A51S;D62K;L64M;T78V;E79L;Q88L;A89M;T91D;H92T;Q94H;R95Y;A97C;Q101R;A104R;E106H;Y108K;D112N;H115F;D116S;R123H;L137C;Q138K;A140D;D152S;C155T;G166S;A170V,No mutations
AcrR_517,S21A;E48D;A51S;D62R;L64M;T78C;E79L;Q88L;A89M;T91D;H92S;Q94H;R95Y;A97C;Q101R;A104R;E106H;Y108K;D112N;H115F;D116S;R123H;L137C;Q138K;A140D;D152S;C155T;G166S;A170V,No mutations
AcrR_518,S21A;E48D;A51S;D62R;L64M;T78C;E79L;Q88L;A89M;T91D;H92T;Q94H;R95Y;A97C;Q101R;A104R;E106H;Y108K;D112N;H115F;D116S;R123H;L137C;Q138K;A140D;D152S;C155T;G166S;A170V,No mutations
AcrR_519,S21A;E48D;A51S;D62R;L64M;T78V;E79L;Q88L;A89M;T91D;H92S;Q94H;R95Y;A97C;Q101R;A104R;E106H;Y108K;D112N;H115F;D116S;R123H;L137C;Q138K;A140D;D152S;C155T;G166S;A170V,No mutations
AcrR_520,S21A;E48D;A51S;D62R;L64M;T78V;E79L;Q88L;A89M;T91D;H92T;Q94H;R95Y;A97C;Q101R;A104R;E106H;Y108K;D112N;H115F;D116S;R123H;L137C;Q138K;A140D;D152S;C155T;G166S;A170V,No mutations
AcrR_545,E48D;A51S;D62K;L64M;T78C;E79L;Q88L;A89M;T91D;H92S;Q94H;R95Y;A97C;Q101R;A104R;E106H;Y108K;D112N;H115F;D116S;R123H;L137C;Q138K;A140D;D152S;C155T;G166S;A170V,No mutations
AcrR_546,E48D;A51S;D62K;L64M;T78C;E79L;Q88L;A89M;T91D;H92T;Q94H;R95Y;A97C;Q101R;A104R;E106H;Y108K;D112N;H115F;D116S;R123H;L137C;Q138K;A140D;D152S;C155T;G166S;A170V,No mutations
AcrR_547,E48D;A51S;D62K;L64M;T78V;E79L;Q88L;A89M;T91D;H92S;Q94H;R95Y;A97C;Q101R;A104R;E106H;Y108K;D112N;H115F;D116S;R123H;L137C;Q138K;A140D;D152S;C155T;G166S;A170V,No mutations
AcrR_548,E48D;A51S;D62K;L64M;T78V;E79L;Q88L;A89M;T91D;H92T;Q94H;R95Y;A97C;Q101R;A104R;E106H;Y108K;D112N;H115F;D116S;R123H;L137C;Q138K;A140D;D152S;C155T;G166S;A170V,No mutations
AcrR_549,E48D;A51S;D62R;L64M;T78C;E79L;Q88L;A89M;T91D;H92S;Q94H;R95Y;A97C;Q101R;A104R;E106H;Y108K;D112N;H115F;D116S;R123H;L137C;Q138K;A140D;D152S;C155T;G166S;A170V,No mutations
AcrR_550,E48D;A51S;D62R;L64M;T78C;E79L;Q88L;A89M;T91D;H92T;Q94H;R95Y;A97C;Q101R;A104R;E106H;Y108K;D112N;H115F;D116S;R123H;L137C;Q138K;A140D;D152S;C155T;G166S;A170V,No mutations
AcrR_551,E48D;A51S;D62R;L64M;T78V;E79L;Q88L;A89M;T91D;H92S;Q94H;R95Y;A97C;Q101R;A104R;E106H;Y108K;D112N;H115F;D116S;R123H;L137C;Q138K;A140D;D152S;C155T;G166S;A170V,No mutations
AcrR_552,E48D;A51S;D62R;L64M;T78V;E79L;Q88L;A89M;T91D;H92T;Q94H;R95Y;A97C;Q101R;A104R;E106H;Y108K;D112N;H115F;D116S;R123H;L137C;Q138K;A140D;D152S;C155T;G166S;A170V,No mutations
AcrR_577,S21A;E48D;A51S;D62K;L64M;T78C;E79L;Q88L;A89M;T91D;H92S;Q94H;R95Y;A97C;Q101R;A104R;E106H;Y108K;D112N;H115F;D116S;R123H;L137C;Q138K;A140D;A150C;D152S;C155T;G166S;A170V,No mutations
AcrR_578,S21A;E48D;A51S;D62K;L64M;T78C;E79L;Q88L;A89M;T91D;H92T;Q94H;R95Y;A97C;Q101R;A104R;E106H;Y108K;D112N;H115F;D116S;R123H;L137C;Q138K;A140D;A150C;D152S;C155T;G166S;A170V,No mutations
AcrR_579,S21A;E48D;A51S;D62K;L64M;T78V;E79L;Q88L;A89M;T91D;H92S;Q94H;R95Y;A97C;Q101R;A104R;E106H;Y108K;D112N;H115F;D116S;R123H;L137C;Q138K;A140D;A150C;D152S;C155T;G166S;A170V,No mutations
AcrR_580,S21A;E48D;A51S;D62K;L64M;T78V;E79L;Q88L;A89M;T91D;H92T;Q94H;R95Y;A97C;Q101R;A104R;E106H;Y108K;D112N;H115F;D116S;R123H;L137C;Q138K;A140D;A150C;D152S;C155T;G166S;A170V,No mutations
AcrR_581,S21A;E48D;A51S;D62R;L64M;T78C;E79L;Q88L;A89M;T91D;H92S;Q94H;R95Y;A97C;Q101R;A104R;E106H;Y108K;D112N;H115F;D116S;R123H;L137C;Q138K;A140D;A150C;D152S;C155T;G166S;A170V,No mutations
AcrR_582,S21A;E48D;A51S;D62R;L64M;T78C;E79L;Q88L;A89M;T91D;H92T;Q94H;R95Y;A97C;Q101R;A104R;E106H;Y108K;D112N;H115F;D116S;R123H;L137C;Q138K;A140D;A150C;D152S;C155T;G166S;A170V,No mutations
AcrR_583,S21A;E48D;A51S;D62R;L64M;T78V;E79L;Q88L;A89M;T91D;H92S;Q94H;R95Y;A97C;Q101R;A104R;E106H;Y108K;D112N;H115F;D116S;R123H;L137C;Q138K;A140D;A150C;D152S;C155T;G166S;A170V,No mutations
AcrR_584,S21A;E48D;A51S;D62R;L64M;T78V;E79L;Q88L;A89M;T91D;H92T;Q94H;R95Y;A97C;Q101R;A104R;E106H;Y108K;D112N;H115F;D116S;R123H;L137C;Q138K;A140D;A150C;D152S;C155T;G166S;A170V,No mutations
AcrR_609,E48D;A51S;D62K;L64M;T78C;E79L;Q88L;A89M;T91D;H92S;Q94H;R95Y;A97C;Q101R;A104R;E106H;Y108K;D112N;H115F;D116S;R123H;L137C;Q138K;A140D;A150C;D152S;C155T;G166S;A170V,No mutations
AcrR_610,E48D;A51S;D62K;L64M;T78C;E79L;Q88L;A89M;T91D;H92T;Q94H;R95Y;A97C;Q101R;A104R;E106H;Y108K;D112N;H115F;D116S;R123H;L137C;Q138K;A140D;A150C;D152S;C155T;G166S;A170V,No mutations
AcrR_611,E48D;A51S;D62K;L64M;T78V;E79L;Q88L;A89M;T91D;H92S;Q94H;R95Y;A97C;Q101R;A104R;E106H;Y108K;D112N;H115F;D116S;R123H;L137C;Q138K;A140D;A150C;D152S;C155T;G166S;A170V,No mutations
AcrR_612,E48D;A51S;D62K;L64M;T78V;E79L;Q88L;A89M;T91D;H92T;Q94H;R95Y;A97C;Q101R;A104R;E106H;Y108K;D112N;H115F;D116S;R123H;L137C;Q138K;A140D;A150C;D152S;C155T;G166S;A170V,No mutations
AcrR_613,E48D;A51S;D62R;L64M;T78C;E79L;Q88L;A89M;T91D;H92S;Q94H;R95Y;A97C;Q101R;A104R;E106H;Y108K;D112N;H115F;D116S;R123H;L137C;Q138K;A140D;A150C;D152S;C155T;G166S;A170V,No mutations
AcrR_614,E48D;A51S;D62R;L64M;T78C;E79L;Q88L;A89M;T91D;H92T;Q94H;R95Y;A97C;Q101R;A104R;E106H;Y108K;D112N;H115F;D116S;R123H;L137C;Q138K;A140D;A150C;D152S;C155T;G166S;A170V,No mutations
AcrR_615,E48D;A51S;D62R;L64M;T78V;E79L;Q88L;A89M;T91D;H92S;Q94H;R95Y;A97C;Q101R;A104R;E106H;Y108K;D112N;H115F;D116S;R123H;L137C;Q138K;A140D;A150C;D152S;C155T;G166S;A170V,No mutations
AcrR_616,E48D;A51S;D62R;L64M;T78V;E79L;Q88L;A89M;T91D;H92T;Q94H;R95Y;A97C;Q101R;A104R;E106H;Y108K;D112N;H115F;D116S;R123H;L137C;Q138K;A140D;A150C;D152S;C155T;G166S;A170V,No mutations
AcrR_641,S21A;E48D;A51S;D62K;L64M;T78C;E79L;Q88L;A89M;T91D;H92S;Q94H;R95Y;A97C;Q101R;A104R;E106H;Y108K;D112N;H115F;D116S;R123H;L137C;Q138K;A140D;L146M;D152S;C155T;G166S;A170V,No mutations
AcrR_642,S21A;E48D;A51S;D62K;L64M;T78C;E79L;Q88L;A89M;T91D;H92T;Q94H;R95Y;A97C;Q101R;A104R;E106H;Y108K;D112N;H115F;D116S;R123H;L137C;Q138K;A140D;L146M;D152S;C155T;G166S;A170V,No mutations
AcrR_643,S21A;E48D;A51S;D62K;L64M;T78V;E79L;Q88L;A89M;T91D;H92S;Q94H;R95Y;A97C;Q101R;A104R;E106H;Y108K;D112N;H115F;D116S;R123H;L137C;Q138K;A140D;L146M;D152S;C155T;G166S;A170V,No mutations
AcrR_644,S21A;E48D;A51S;D62K;L64M;T78V;E79L;Q88L;A89M;T91D;H92T;Q94H;R95Y;A97C;Q101R;A104R;E106H;Y108K;D112N;H115F;D116S;R123H;L137C;Q138K;A140D;L146M;D152S;C155T;G166S;A170V,No mutations
AcrR_645,S21A;E48D;A51S;D62R;L64M;T78C;E79L;Q88L;A89M;T91D;H92S;Q94H;R95Y;A97C;Q101R;A104R;E106H;Y108K;D112N;H115F;D116S;R123H;L137C;Q138K;A140D;L146M;D152S;C155T;G166S;A170V,No mutations
AcrR_646,S21A;E48D;A51S;D62R;L64M;T78C;E79L;Q88L;A89M;T91D;H92T;Q94H;R95Y;A97C;Q101R;A104R;E106H;Y108K;D112N;H115F;D116S;R123H;L137C;Q138K;A140D;L146M;D152S;C155T;G166S;A170V,No mutations
AcrR_647,S21A;E48D;A51S;D62R;L64M;T78V;E79L;Q88L;A89M;T91D;H92S;Q94H;R95Y;A97C;Q101R;A104R;E106H;Y108K;D112N;H115F;D116S;R123H;L137C;Q138K;A140D;L146M;D152S;C155T;G166S;A170V,No mutations
AcrR_648,S21A;E48D;A51S;D62R;L64M;T78V;E79L;Q88L;A89M;T91D;H92T;Q94H;R95Y;A97C;Q101R;A104R;E106H;Y108K;D112N;H115F;D116S;R123H;L137C;Q138K;A140D;L146M;D152S;C155T;G166S;A170V,No mutations
AcrR_673,E48D;A51S;D62K;L64M;T78C;E79L;Q88L;A89M;T91D;H92S;Q94H;R95Y;A97C;Q101R;A104R;E106H;Y108K;D112N;H115F;D116S;R123H;L137C;Q138K;A140D;L146M;D152S;C155T;G166S;A170V,No mutations
AcrR_674,E48D;A51S;D62K;L64M;T78C;E79L;Q88L;A89M;T91D;H92T;Q94H;R95Y;A97C;Q101R;A104R;E106H;Y108K;D112N;H115F;D116S;R123H;L137C;Q138K;A140D;L146M;D152S;C155T;G166S;A170V,No mutations
AcrR_675,E48D;A51S;D62K;L64M;T78V;E79L;Q88L;A89M;T91D;H92S;Q94H;R95Y;A97C;Q101R;A104R;E106H;Y108K;D112N;H115F;D116S;R123H;L137C;Q138K;A140D;L146M;D152S;C155T;G166S;A170V,No mutations
AcrR_676,E48D;A51S;D62K;L64M;T78V;E79L;Q88L;A89M;T91D;H92T;Q94H;R95Y;A97C;Q101R;A104R;E106H;Y108K;D112N;H115F;D116S;R123H;L137C;Q138K;A140D;L146M;D152S;C155T;G166S;A170V,No mutations
AcrR_677,E48D;A51S;D62R;L64M;T78C;E79L;Q88L;A89M;T91D;H92S;Q94H;R95Y;A97C;Q101R;A104R;E106H;Y108K;D112N;H115F;D116S;R123H;L137C;Q138K;A140D;L146M;D152S;C155T;G166S;A170V,No mutations
AcrR_678,E48D;A51S;D62R;L64M;T78C;E79L;Q88L;A89M;T91D;H92T;Q94H;R95Y;A97C;Q101R;A104R;E106H;Y108K;D112N;H115F;D116S;R123H;L137C;Q138K;A140D;L146M;D152S;C155T;G166S;A170V,No mutations
AcrR_679,E48D;A51S;D62R;L64M;T78V;E79L;Q88L;A89M;T91D;H92S;Q94H;R95Y;A97C;Q101R;A104R;E106H;Y108K;D112N;H115F;D116S;R123H;L137C;Q138K;A140D;L146M;D152S;C155T;G166S;A170V,No mutations
AcrR_680,E48D;A51S;D62R;L64M;T78V;E79L;Q88L;A89M;T91D;H92T;Q94H;R95Y;A97C;Q101R;A104R;E106H;Y108K;D112N;H115F;D116S;R123H;L137C;Q138K;A140D;L146M;D152S;C155T;G166S;A170V,No mutations
AcrR_705,S21A;E48D;A51S;D62K;L64M;T78C;E79L;Q88L;A89M;T91D;H92S;Q94H;R95Y;A97C;Q101R;A104R;E106H;Y108K;D112N;H115F;D116S;R123H;L137C;Q138K;A140D;L146M;A150C;D152S;C155T;G166S;A170V,No mutations
AcrR_706,S21A;E48D;A51S;D62K;L64M;T78C;E79L;Q88L;A89M;T91D;H92T;Q94H;R95Y;A97C;Q101R;A104R;E106H;Y108K;D112N;H115F;D116S;R123H;L137C;Q138K;A140D;L146M;A150C;D152S;C155T;G166S;A170V,No mutations
AcrR_707,S21A;E48D;A51S;D62K;L64M;T78V;E79L;Q88L;A89M;T91D;H92S;Q94H;R95Y;A97C;Q101R;A104R;E106H;Y108K;D112N;H115F;D116S;R123H;L137C;Q138K;A140D;L146M;A150C;D152S;C155T;G166S;A170V,No mutations
AcrR_708,S21A;E48D;A51S;D62K;L64M;T78V;E79L;Q88L;A89M;T91D;H92T;Q94H;R95Y;A97C;Q101R;A104R;E106H;Y108K;D112N;H115F;D116S;R123H;L137C;Q138K;A140D;L146M;A150C;D152S;C155T;G166S;A170V,No mutations
AcrR_709,S21A;E48D;A51S;D62R;L64M;T78C;E79L;Q88L;A89M;T91D;H92S;Q94H;R95Y;A97C;Q101R;A104R;E106H;Y108K;D112N;H115F;D116S;R123H;L137C;Q138K;A140D;L146M;A150C;D152S;C155T;G166S;A170V,No mutations
AcrR_710,S21A;E48D;A51S;D62R;L64M;T78C;E79L;Q88L;A89M;T91D;H92T;Q94H;R95Y;A97C;Q101R;A104R;E106H;Y108K;D112N;H115F;D116S;R123H;L137C;Q138K;A140D;L146M;A150C;D152S;C155T;G166S;A170V,No mutations
AcrR_711,S21A;E48D;A51S;D62R;L64M;T78V;E79L;Q88L;A89M;T91D;H92S;Q94H;R95Y;A97C;Q101R;A104R;E106H;Y108K;D112N;H115F;D116S;R123H;L137C;Q138K;A140D;L146M;A150C;D152S;C155T;G166S;A170V,No mutations
AcrR_712,S21A;E48D;A51S;D62R;L64M;T78V;E79L;Q88L;A89M;T91D;H92T;Q94H;R95Y;A97C;Q101R;A104R;E106H;Y108K;D112N;H115F;D116S;R123H;L137C;Q138K;A140D;L146M;A150C;D152S;C155T;G166S;A170V,No mutations
AcrR_737,E48D;A51S;D62K;L64M;T78C;E79L;Q88L;A89M;T91D;H92S;Q94H;R95Y;A97C;Q101R;A104R;E106H;Y108K;D112N;H115F;D116S;R123H;L137C;Q138K;A140D;L146M;A150C;D152S;C155T;G166S;A170V,No mutations
AcrR_738,E48D;A51S;D62K;L64M;T78C;E79L;Q88L;A89M;T91D;H92T;Q94H;R95Y;A97C;Q101R;A104R;E106H;Y108K;D112N;H115F;D116S;R123H;L137C;Q138K;A140D;L146M;A150C;D152S;C155T;G166S;A170V,No mutations
AcrR_739,E48D;A51S;D62K;L64M;T78V;E79L;Q88L;A89M;T91D;H92S;Q94H;R95Y;A97C;Q101R;A104R;E106H;Y108K;D112N;H115F;D116S;R123H;L137C;Q138K;A140D;L146M;A150C;D152S;C155T;G166S;A170V,No mutations
AcrR_740,E48D;A51S;D62K;L64M;T78V;E79L;Q88L;A89M;T91D;H92T;Q94H;R95Y;A97C;Q101R;A104R;E106H;Y108K;D112N;H115F;D116S;R123H;L137C;Q138K;A140D;L146M;A150C;D152S;C155T;G166S;A170V,No mutations
AcrR_741,E48D;A51S;D62R;L64M;T78C;E79L;Q88L;A89M;T91D;H92S;Q94H;R95Y;A97C;Q101R;A104R;E106H;Y108K;D112N;H115F;D116S;R123H;L137C;Q138K;A140D;L146M;A150C;D152S;C155T;G166S;A170V,No mutations
AcrR_742,E48D;A51S;D62R;L64M;T78C;E79L;Q88L;A89M;T91D;H92T;Q94H;R95Y;A97C;Q101R;A104R;E106H;Y108K;D112N;H115F;D116S;R123H;L137C;Q138K;A140D;L146M;A150C;D152S;C155T;G166S;A170V,No mutations
AcrR_743,E48D;A51S;D62R;L64M;T78V;E79L;Q88L;A89M;T91D;H92S;Q94H;R95Y;A97C;Q101R;A104R;E106H;Y108K;D112N;H115F;D116S;R123H;L137C;Q138K;A140D;L146M;A150C;D152S;C155T;G166S;A170V,No mutations
AcrR_744,E48D;A51S;D62R;L64M;T78V;E79L;Q88L;A89M;T91D;H92T;Q94H;R95Y;A97C;Q101R;A104R;E106H;Y108K;D112N;H115F;D116S;R123H;L137C;Q138K;A140D;L146M;A150C;D152S;C155T;G166S;A170V,No mutations
AcrR_769,S21A;E48D;A51S;D62K;L64M;T78C;E79L;Q88L;A89M;T91D;H92S;Q94H;R95Y;A97C;Q101R;A104R;E106H;Y108K;D112N;H115F;D116S;R123H;L137C;Q138R;A140D;D152S;C155T;G166S;A170V,No mutations
AcrR_770,S21A;E48D;A51S;D62K;L64M;T78C;E79L;Q88L;A89M;T91D;H92T;Q94H;R95Y;A97C;Q101R;A104R;E106H;Y108K;D112N;H115F;D116S;R123H;L137C;Q138R;A140D;D152S;C155T;G166S;A170V,No mutations
AcrR_771,S21A;E48D;A51S;D62K;L64M;T78V;E79L;Q88L;A89M;T91D;H92S;Q94H;R95Y;A97C;Q101R;A104R;E106H;Y108K;D112N;H115F;D116S;R123H;L137C;Q138R;A140D;D152S;C155T;G166S;A170V,No mutations
AcrR_772,S21A;E48D;A51S;D62K;L64M;T78V;E79L;Q88L;A89M;T91D;H92T;Q94H;R95Y;A97C;Q101R;A104R;E106H;Y108K;D112N;H115F;D116S;R123H;L137C;Q138R;A140D;D152S;C155T;G166S;A170V,No mutations
AcrR_773,S21A;E48D;A51S;D62R;L64M;T78C;E79L;Q88L;A89M;T91D;H92S;Q94H;R95Y;A97C;Q101R;A104R;E106H;Y108K;D112N;H115F;D116S;R123H;L137C;Q138R;A140D;D152S;C155T;G166S;A170V,No mutations
AcrR_774,S21A;E48D;A51S;D62R;L64M;T78C;E79L;Q88L;A89M;T91D;H92T;Q94H;R95Y;A97C;Q101R;A104R;E106H;Y108K;D112N;H115F;D116S;R123H;L137C;Q138R;A140D;D152S;C155T;G166S;A170V,No mutations
AcrR_775,S21A;E48D;A51S;D62R;L64M;T78V;E79L;Q88L;A89M;T91D;H92S;Q94H;R95Y;A97C;Q101R;A104R;E106H;Y108K;D112N;H115F;D116S;R123H;L137C;Q138R;A140D;D152S;C155T;G166S;A170V,No mutations
AcrR_776,S21A;E48D;A51S;D62R;L64M;T78V;E79L;Q88L;A89M;T91D;H92T;Q94H;R95Y;A97C;Q101R;A104R;E106H;Y108K;D112N;H115F;D116S;R123H;L137C;Q138R;A140D;D152S;C155T;G166S;A170V,No mutations
AcrR_801,E48D;A51S;D62K;L64M;T78C;E79L;Q88L;A89M;T91D;H92S;Q94H;R95Y;A97C;Q101R;A104R;E106H;Y108K;D112N;H115F;D116S;R123H;L137C;Q138R;A140D;D152S;C155T;G166S;A170V,No mutations
AcrR_802,E48D;A51S;D62K;L64M;T78C;E79L;Q88L;A89M;T91D;H92T;Q94H;R95Y;A97C;Q101R;A104R;E106H;Y108K;D112N;H115F;D116S;R123H;L137C;Q138R;A140D;D152S;C155T;G166S;A170V,No mutations
AcrR_803,E48D;A51S;D62K;L64M;T78V;E79L;Q88L;A89M;T91D;H92S;Q94H;R95Y;A97C;Q101R;A104R;E106H;Y108K;D112N;H115F;D116S;R123H;L137C;Q138R;A140D;D152S;C155T;G166S;A170V,No mutations
AcrR_804,E48D;A51S;D62K;L64M;T78V;E79L;Q88L;A89M;T91D;H92T;Q94H;R95Y;A97C;Q101R;A104R;E106H;Y108K;D112N;H115F;D116S;R123H;L137C;Q138R;A140D;D152S;C155T;G166S;A170V,No mutations
AcrR_805,E48D;A51S;D62R;L64M;T78C;E79L;Q88L;A89M;T91D;H92S;Q94H;R95Y;A97C;Q101R;A104R;E106H;Y108K;D112N;H115F;D116S;R123H;L137C;Q138R;A140D;D152S;C155T;G166S;A170V,No mutations
AcrR_806,E48D;A51S;D62R;L64M;T78C;E79L;Q88L;A89M;T91D;H92T;Q94H;R95Y;A97C;Q101R;A104R;E106H;Y108K;D112N;H115F;D116S;R123H;L137C;Q138R;A140D;D152S;C155T;G166S;A170V,No mutations
AcrR_807,E48D;A51S;D62R;L64M;T78V;E79L;Q88L;A89M;T91D;H92S;Q94H;R95Y;A97C;Q101R;A104R;E106H;Y108K;D112N;H115F;D116S;R123H;L137C;Q138R;A140D;D152S;C155T;G166S;A170V,No mutations
AcrR_808,E48D;A51S;D62R;L64M;T78V;E79L;Q88L;A89M;T91D;H92T;Q94H;R95Y;A97C;Q101R;A104R;E106H;Y108K;D112N;H115F;D116S;R123H;L137C;Q138R;A140D;D152S;C155T;G166S;A170V,No mutations
AcrR_833,S21A;E48D;A51S;D62K;L64M;T78C;E79L;Q88L;A89M;T91D;H92S;Q94H;R95Y;A97C;Q101R;A104R;E106H;Y108K;D112N;H115F;D116S;R123H;L137C;Q138R;A140D;A150C;D152S;C155T;G166S;A170V,No mutations
AcrR_834,S21A;E48D;A51S;D62K;L64M;T78C;E79L;Q88L;A89M;T91D;H92T;Q94H;R95Y;A97C;Q101R;A104R;E106H;Y108K;D112N;H115F;D116S;R123H;L137C;Q138R;A140D;A150C;D152S;C155T;G166S;A170V,No mutations
AcrR_835,S21A;E48D;A51S;D62K;L64M;T78V;E79L;Q88L;A89M;T91D;H92S;Q94H;R95Y;A97C;Q101R;A104R;E106H;Y108K;D112N;H115F;D116S;R123H;L137C;Q138R;A140D;A150C;D152S;C155T;G166S;A170V,No mutations
AcrR_836,S21A;E48D;A51S;D62K;L64M;T78V;E79L;Q88L;A89M;T91D;H92T;Q94H;R95Y;A97C;Q101R;A104R;E106H;Y108K;D112N;H115F;D116S;R123H;L137C;Q138R;A140D;A150C;D152S;C155T;G166S;A170V,No mutations
AcrR_837,S21A;E48D;A51S;D62R;L64M;T78C;E79L;Q88L;A89M;T91D;H92S;Q94H;R95Y;A97C;Q101R;A104R;E106H;Y108K;D112N;H115F;D116S;R123H;L137C;Q138R;A140D;A150C;D152S;C155T;G166S;A170V,No mutations
AcrR_838,S21A;E48D;A51S;D62R;L64M;T78C;E79L;Q88L;A89M;T91D;H92T;Q94H;R95Y;A97C;Q101R;A104R;E106H;Y108K;D112N;H115F;D116S;R123H;L137C;Q138R;A140D;A150C;D152S;C155T;G166S;A170V,No mutations
AcrR_839,S21A;E48D;A51S;D62R;L64M;T78V;E79L;Q88L;A89M;T91D;H92S;Q94H;R95Y;A97C;Q101R;A104R;E106H;Y108K;D112N;H115F;D116S;R123H;L137C;Q138R;A140D;A150C;D152S;C155T;G166S;A170V,No mutations
AcrR_840,S21A;E48D;A51S;D62R;L64M;T78V;E79L;Q88L;A89M;T91D;H92T;Q94H;R95Y;A97C;Q101R;A104R;E106H;Y108K;D112N;H115F;D116S;R123H;L137C;Q138R;A140D;A150C;D152S;C155T;G166S;A170V,No mutations
AcrR_865,E48D;A51S;D62K;L64M;T78C;E79L;Q88L;A89M;T91D;H92S;Q94H;R95Y;A97C;Q101R;A104R;E106H;Y108K;D112N;H115F;D116S;R123H;L137C;Q138R;A140D;A150C;D152S;C155T;G166S;A170V,No mutations
AcrR_866,E48D;A51S;D62K;L64M;T78C;E79L;Q88L;A89M;T91D;H92T;Q94H;R95Y;A97C;Q101R;A104R;E106H;Y108K;D112N;H115F;D116S;R123H;L137C;Q138R;A140D;A150C;D152S;C155T;G166S;A170V,No mutations
AcrR_867,E48D;A51S;D62K;L64M;T78V;E79L;Q88L;A89M;T91D;H92S;Q94H;R95Y;A97C;Q101R;A104R;E106H;Y108K;D112N;H115F;D116S;R123H;L137C;Q138R;A140D;A150C;D152S;C155T;G166S;A170V,No mutations
AcrR_868,E48D;A51S;D62K;L64M;T78V;E79L;Q88L;A89M;T91D;H92T;Q94H;R95Y;A97C;Q101R;A104R;E106H;Y108K;D112N;H115F;D116S;R123H;L137C;Q138R;A140D;A150C;D152S;C155T;G166S;A170V,No mutations
AcrR_869,E48D;A51S;D62R;L64M;T78C;E79L;Q88L;A89M;T91D;H92S;Q94H;R95Y;A97C;Q101R;A104R;E106H;Y108K;D112N;H115F;D116S;R123H;L137C;Q138R;A140D;A150C;D152S;C155T;G166S;A170V,No mutations
AcrR_870,E48D;A51S;D62R;L64M;T78C;E79L;Q88L;A89M;T91D;H92T;Q94H;R95Y;A97C;Q101R;A104R;E106H;Y108K;D112N;H115F;D116S;R123H;L137C;Q138R;A140D;A150C;D152S;C155T;G166S;A170V,No mutations
AcrR_871,E48D;A51S;D62R;L64M;T78V;E79L;Q88L;A89M;T91D;H92S;Q94H;R95Y;A97C;Q101R;A104R;E106H;Y108K;D112N;H115F;D116S;R123H;L137C;Q138R;A140D;A150C;D152S;C155T;G166S;A170V,No mutations
AcrR_872,E48D;A51S;D62R;L64M;T78V;E79L;Q88L;A89M;T91D;H92T;Q94H;R95Y;A97C;Q101R;A104R;E106H;Y108K;D112N;H115F;D116S;R123H;L137C;Q138R;A140D;A150C;D152S;C155T;G166S;A170V,No mutations
AcrR_897,S21A;E48D;A51S;D62K;L64M;T78C;E79L;Q88L;A89M;T91D;H92S;Q94H;R95Y;A97C;Q101R;A104R;E106H;Y108K;D112N;H115F;D116S;R123H;L137C;Q138R;A140D;L146M;D152S;C155T;G166S;A170V,No mutations
AcrR_898,S21A;E48D;A51S;D62K;L64M;T78C;E79L;Q88L;A89M;T91D;H92T;Q94H;R95Y;A97C;Q101R;A104R;E106H;Y108K;D112N;H115F;D116S;R123H;L137C;Q138R;A140D;L146M;D152S;C155T;G166S;A170V,No mutations
AcrR_899,S21A;E48D;A51S;D62K;L64M;T78V;E79L;Q88L;A89M;T91D;H92S;Q94H;R95Y;A97C;Q101R;A104R;E106H;Y108K;D112N;H115F;D116S;R123H;L137C;Q138R;A140D;L146M;D152S;C155T;G166S;A170V,No mutations
AcrR_900,S21A;E48D;A51S;D62K;L64M;T78V;E79L;Q88L;A89M;T91D;H92T;Q94H;R95Y;A97C;Q101R;A104R;E106H;Y108K;D112N;H115F;D116S;R123H;L137C;Q138R;A140D;L146M;D152S;C155T;G166S;A170V,No mutations
AcrR_901,S21A;E48D;A51S;D62R;L64M;T78C;E79L;Q88L;A89M;T91D;H92S;Q94H;R95Y;A97C;Q101R;A104R;E106H;Y108K;D112N;H115F;D116S;R123H;L137C;Q138R;A140D;L146M;D152S;C155T;G166S;A170V,No mutations
AcrR_902,S21A;E48D;A51S;D62R;L64M;T78C;E79L;Q88L;A89M;T91D;H92T;Q94H;R95Y;A97C;Q101R;A104R;E106H;Y108K;D112N;H115F;D116S;R123H;L137C;Q138R;A140D;L146M;D152S;C155T;G166S;A170V,No mutations
AcrR_903,S21A;E48D;A51S;D62R;L64M;T78V;E79L;Q88L;A89M;T91D;H92S;Q94H;R95Y;A97C;Q101R;A104R;E106H;Y108K;D112N;H115F;D116S;R123H;L137C;Q138R;A140D;L146M;D152S;C155T;G166S;A170V,No mutations
AcrR_904,S21A;E48D;A51S;D62R;L64M;T78V;E79L;Q88L;A89M;T91D;H92T;Q94H;R95Y;A97C;Q101R;A104R;E106H;Y108K;D112N;H115F;D116S;R123H;L137C;Q138R;A140D;L146M;D152S;C155T;G166S;A170V,No mutations
AcrR_929,E48D;A51S;D62K;L64M;T78C;E79L;Q88L;A89M;T91D;H92S;Q94H;R95Y;A97C;Q101R;A104R;E106H;Y108K;D112N;H115F;D116S;R123H;L137C;Q138R;A140D;L146M;D152S;C155T;G166S;A170V,No mutations
AcrR_930,E48D;A51S;D62K;L64M;T78C;E79L;Q88L;A89M;T91D;H92T;Q94H;R95Y;A97C;Q101R;A104R;E106H;Y108K;D112N;H115F;D116S;R123H;L137C;Q138R;A140D;L146M;D152S;C155T;G166S;A170V,No mutations
AcrR_931,E48D;A51S;D62K;L64M;T78V;E79L;Q88L;A89M;T91D;H92S;Q94H;R95Y;A97C;Q101R;A104R;E106H;Y108K;D112N;H115F;D116S;R123H;L137C;Q138R;A140D;L146M;D152S;C155T;G166S;A170V,No mutations
AcrR_932,E48D;A51S;D62K;L64M;T78V;E79L;Q88L;A89M;T91D;H92T;Q94H;R95Y;A97C;Q101R;A104R;E106H;Y108K;D112N;H115F;D116S;R123H;L137C;Q138R;A140D;L146M;D152S;C155T;G166S;A170V,No mutations
AcrR_933,E48D;A51S;D62R;L64M;T78C;E79L;Q88L;A89M;T91D;H92S;Q94H;R95Y;A97C;Q101R;A104R;E106H;Y108K;D112N;H115F;D116S;R123H;L137C;Q138R;A140D;L146M;D152S;C155T;G166S;A170V,No mutations
AcrR_934,E48D;A51S;D62R;L64M;T78C;E79L;Q88L;A89M;T91D;H92T;Q94H;R95Y;A97C;Q101R;A104R;E106H;Y108K;D112N;H115F;D116S;R123H;L137C;Q138R;A140D;L146M;D152S;C155T;G166S;A170V,No mutations
AcrR_935,E48D;A51S;D62R;L64M;T78V;E79L;Q88L;A89M;T91D;H92S;Q94H;R95Y;A97C;Q101R;A104R;E106H;Y108K;D112N;H115F;D116S;R123H;L137C;Q138R;A140D;L146M;D152S;C155T;G166S;A170V,No mutations
AcrR_936,E48D;A51S;D62R;L64M;T78V;E79L;Q88L;A89M;T91D;H92T;Q94H;R95Y;A97C;Q101R;A104R;E106H;Y108K;D112N;H115F;D116S;R123H;L137C;Q138R;A140D;L146M;D152S;C155T;G166S;A170V,No mutations
AcrR_961,S21A;E48D;A51S;D62K;L64M;T78C;E79L;Q88L;A89M;T91D;H92S;Q94H;R95Y;A97C;Q101R;A104R;E106H;Y108K;D112N;H115F;D116S;R123H;L137C;Q138R;A140D;L146M;A150C;D152S;C155T;G166S;A170V,No mutations
AcrR_962,S21A;E48D;A51S;D62K;L64M;T78C;E79L;Q88L;A89M;T91D;H92T;Q94H;R95Y;A97C;Q101R;A104R;E106H;Y108K;D112N;H115F;D116S;R123H;L137C;Q138R;A140D;L146M;A150C;D152S;C155T;G166S;A170V,No mutations
AcrR_963,S21A;E48D;A51S;D62K;L64M;T78V;E79L;Q88L;A89M;T91D;H92S;Q94H;R95Y;A97C;Q101R;A104R;E106H;Y108K;D112N;H115F;D116S;R123H;L137C;Q138R;A140D;L146M;A150C;D152S;C155T;G166S;A170V,No mutations
AcrR_964,S21A;E48D;A51S;D62K;L64M;T78V;E79L;Q88L;A89M;T91D;H92T;Q94H;R95Y;A97C;Q101R;A104R;E106H;Y108K;D112N;H115F;D116S;R123H;L137C;Q138R;A140D;L146M;A150C;D152S;C155T;G166S;A170V,No mutations
AcrR_965,S21A;E48D;A51S;D62R;L64M;T78C;E79L;Q88L;A89M;T91D;H92S;Q94H;R95Y;A97C;Q101R;A104R;E106H;Y108K;D112N;H115F;D116S;R123H;L137C;Q138R;A140D;L146M;A150C;D152S;C155T;G166S;A170V,No mutations
AcrR_966,S21A;E48D;A51S;D62R;L64M;T78C;E79L;Q88L;A89M;T91D;H92T;Q94H;R95Y;A97C;Q101R;A104R;E106H;Y108K;D112N;H115F;D116S;R123H;L137C;Q138R;A140D;L146M;A150C;D152S;C155T;G166S;A170V,No mutations
AcrR_967,S21A;E48D;A51S;D62R;L64M;T78V;E79L;Q88L;A89M;T91D;H92S;Q94H;R95Y;A97C;Q101R;A104R;E106H;Y108K;D112N;H115F;D116S;R123H;L137C;Q138R;A140D;L146M;A150C;D152S;C155T;G166S;A170V,No mutations
AcrR_968,S21A;E48D;A51S;D62R;L64M;T78V;E79L;Q88L;A89M;T91D;H92T;Q94H;R95Y;A97C;Q101R;A104R;E106H;Y108K;D112N;H115F;D116S;R123H;L137C;Q138R;A140D;L146M;A150C;D152S;C155T;G166S;A170V,No mutations
AcrR_993,E48D;A51S;D62K;L64M;T78C;E79L;Q88L;A89M;T91D;H92S;Q94H;R95Y;A97C;Q101R;A104R;E106H;Y108K;D112N;H115F;D116S;R123H;L137C;Q138R;A140D;L146M;A150C;D152S;C155T;G166S;A170V,No mutations
AcrR_994,E48D;A51S;D62K;L64M;T78C;E79L;Q88L;A89M;T91D;H92T;Q94H;R95Y;A97C;Q101R;A104R;E106H;Y108K;D112N;H115F;D116S;R123H;L137C;Q138R;A140D;L146M;A150C;D152S;C155T;G166S;A170V,No mutations
AcrR_995,E48D;A51S;D62K;L64M;T78V;E79L;Q88L;A89M;T91D;H92S;Q94H;R95Y;A97C;Q101R;A104R;E106H;Y108K;D112N;H115F;D116S;R123H;L137C;Q138R;A140D;L146M;A150C;D152S;C155T;G166S;A170V,No mutations
AcrR_996,E48D;A51S;D62K;L64M;T78V;E79L;Q88L;A89M;T91D;H92T;Q94H;R95Y;A97C;Q101R;A104R;E106H;Y108K;D112N;H115F;D116S;R123H;L137C;Q138R;A140D;L146M;A150C;D152S;C155T;G166S;A170V,No mutations
AcrR_997,E48D;A51S;D62R;L64M;T78C;E79L;Q88L;A89M;T91D;H92S;Q94H;R95Y;A97C;Q101R;A104R;E106H;Y108K;D112N;H115F;D116S;R123H;L137C;Q138R;A140D;L146M;A150C;D152S;C155T;G166S;A170V,No mutations
AcrR_998,E48D;A51S;D62R;L64M;T78C;E79L;Q88L;A89M;T91D;H92T;Q94H;R95Y;A97C;Q101R;A104R;E106H;Y108K;D112N;H115F;D116S;R123H;L137C;Q138R;A140D;L146M;A150C;D152S;C155T;G166S;A170V,No mutations
AcrR_999,E48D;A51S;D62R;L64M;T78V;E79L;Q88L;A89M;T91D;H92S;Q94H;R95Y;A97C;Q101R;A104R;E106H;Y108K;D112N;H115F;D116S;R123H;L137C;Q138R;A140D;L146M;A150C;D152S;C155T;G166S;A170V,No mutations
AcrR_1000,E48D;A51S;D62R;L64M;T78V;E79L;Q88L;A89M;T91D;H92T;Q94H;R95Y;A97C;Q101R;A104R;E106H;Y108K;D112N;H115F;D116S;R123H;L137C;Q138R;A140D;L146M;A150C;D152S;C155T;G166S;A170V,No mutations
