prot_name,confidence_score_holo,ptm_holo,iptm_holo,ligand_iptm_holo,protein_iptm_holo,complex_plddt_holo,complex_iplddt_holo,complex_pde_holo,complex_ipde_holo,mean_mut_plddt_holo,confidence_score_apo,ptm_apo,iptm_apo,ligand_iptm_apo,protein_iptm_apo,complex_plddt_apo,complex_iplddt_apo,complex_pde_apo,complex_ipde_apo,mean_mut_plddt_apo,holo_apo_complex_ipde_ratio,holo_apo_protein_iptm_ratio,holo_apo_protein_iplddt_ratio,holo_complex_quality_score,apo_complex_quality_score,Cofolding_confidence_score,dG,sc,interface_hbonds,interface_packstat,dSASA,dG_SASA_ratio
boltz_results_AcrR_709,0.8738685846328735,-0.4714482724666596,0.9350224137306212,0.9502171277999878,0.9312615990638732,0.4722190290689468,0.8171209692955017,-0.0952292829751968,0.691787600517273,0.8748533725738525,0.9005706906318665,-0.473679006099701,0.9388697743415833,0.0,0.9388697743415833,0.4900477558374405,0.8827298283576965,-0.087000586092472,0.725822925567627,0.8928152322769165,0.9531079498160838,0.991896453069814,0.9256750401374122,0.7803948462009429,0.822183395922184,2.87067944302331,-52.2416005291559,0.6211353540420532,4,0.5347372161949112,2500.091775143823,-2.089587312295789
boltz_results_AcrR_545,0.8772368431091309,-0.455707311630249,0.9012330770492554,0.909923255443573,0.8990365266799927,0.4791807651519775,0.8416928052902222,-0.1266623735427856,1.106796145439148,0.8846787214279175,0.9025110602378844,-0.4580289125442505,0.9024534225463868,0.0,0.9024534225463868,0.4963890165090561,0.8972849249839783,-0.1113105043768882,1.2159875631332395,0.904938280582428,0.9102035078280424,0.9962137703940964,0.93804407257288,0.7814898014068603,0.8319878801703453,2.8444613507950187,-61.36126684161525,0.6997063755989075,4,0.5687571971214002,2941.329789790742,-2.0861743234165098
boltz_results_AcrR_871,0.8744868636131287,-0.465035080909729,0.9225146174430848,0.9410385489463806,0.9179292917251588,0.4743639588356018,0.8289310336112976,-0.1068012937903404,0.8179975152015686,0.8787671327590942,0.9066484570503236,-0.4646774232387542,0.9182860851287842,0.0,0.9182860851287842,0.4970565021038056,0.8939112424850464,-0.1002655029296875,0.9060203433036804,0.9063634276390076,0.9028467420707702,0.999611457246926,0.9273079856417225,0.7812947168946267,0.8384770035743714,2.8297661849594187,-58.79188992236118,0.6093509495258331,6,0.564950648314851,2700.952821455176,-2.1767092507260544
boltz_results_AcrR_359,0.8803374171257019,-0.4687138199806214,0.9315652251243592,0.9510124325752258,0.9266817569732666,0.4771417558193207,0.8292961716651917,-0.0991218462586402,0.7059388160705566,0.8833993077278137,0.9043297171592712,-0.4681162238121032,0.9259410500526428,0.0,0.9259410500526428,0.4944097369909287,0.890144407749176,-0.0942591056227684,0.8076314330101013,0.90107923746109,0.8740853652011428,1.0007999504078382,0.931642286853382,0.7927053973078728,0.833113645017147,2.806527602462363,-56.79579536353731,0.576817512512207,4,0.5758317022074986,2928.168541154132,-1.939635460367024
boltz_results_AcrR_513,0.8782192468643188,-0.4568654000759125,0.903714120388031,0.9176706671714784,0.9001865386962891,0.4795150488615036,0.8311891555786133,-0.1238709613680839,1.0814051628112793,0.8902737498283386,0.903796374797821,-0.4568028748035431,0.899730920791626,0.0,0.899730920791626,0.4976470470428467,0.8980134129524231,-0.1117804050445556,1.2388921976089478,0.9066041111946106,0.872880759842045,1.000506393516255,0.92558657096879,0.7890524372458458,0.8356678783893585,2.79897372432709,-65.48698729443481,0.7003865540027618,4,0.5593061481851628,2900.996820966027,-2.2573960378428737
boltz_results_AcrR_867,0.8775164484977722,-0.4712899625301361,0.937792956829071,0.9532440900802612,0.9338877201080322,0.4743460267782212,0.8209024667739868,-0.0977552905678749,0.6879743933677673,0.8811627626419067,0.9052896499633788,-0.4676022231578827,0.924679696559906,0.0,0.924679696559906,0.4952431678771973,0.8832730650901794,-0.0952827483415603,0.8279759287834167,0.9035660624504088,0.8309111043586012,1.0099580682720546,0.9293869576903436,0.7864635363221169,0.835924258828163,2.770256130320999,-69.57077766462521,0.6824472844600677,4,0.5223734336742202,2905.6539722148395,-2.394324249545612
boltz_results_AcrR_744,0.8756101727485657,-0.4702206552028656,0.9341649413108826,0.9547837972640992,0.9289535880088806,0.4735343307256699,0.8425562381744385,-0.1058831512928009,0.8458489179611206,0.8712114691734314,0.9031547904014589,-0.4630255699157715,0.9148788452148438,0.0,0.9148788452148438,0.4951230853796006,0.8953866362571716,-0.1031843125820159,1.0412508249282837,0.9020456075668336,0.8123392536273655,1.0153842695867907,0.9409971112551212,0.7686419934034348,0.8309588104486467,2.768720634469277,-61.70246398751351,0.5672621130943298,5,0.4573485651133956,2965.96764872782,-2.0803485167472844
boltz_results_AcrR_837,0.8763118982315063,-0.4690979421138764,0.932868242263794,0.9568985104560852,0.926878035068512,0.474194997549057,0.8164661526679993,-0.0984636023640632,0.6928256154060364,0.8801712989807129,0.9082412719726562,-0.47054722905159,0.9312812685966492,0.0,0.9312812685966492,0.4963646918535233,0.8959099054336548,-0.0933825895190239,0.8103514313697815,0.9057337045669556,0.8549693239079188,0.9952718542972818,0.9113261810324536,0.7868047520518302,0.8381685778498649,2.761567359237654,-55.55187831994317,0.5336492359638214,2,0.5601102612561223,2669.886814041755,-2.080682897408938
boltz_results_AcrR_801,0.8843029141426086,-0.4623138308525086,0.915092408657074,0.9236021637916564,0.9129415154457092,0.4821330308914185,0.8253083825111389,-0.1173196882009506,0.9897683262825012,0.8977048993110657,0.9117621779441832,-0.4581451416015625,0.9014126658439636,0.0,0.9014126658439636,0.5028922557830812,0.9034426212310792,-0.1091426983475685,1.1906195878982544,0.9160144329071044,0.8313052601710454,1.0127897577198468,0.9135149959900382,0.800204411149025,0.8516188487410545,2.7576100138809303,-70.31331075138746,0.6622397005558014,7,0.5798914394481423,3113.7756114855447,-2.258136729314346
boltz_results_AcrR_963,0.8785053491592407,-0.4708967208862304,0.9349530339241028,0.9534764885902404,0.9302712082862854,0.4754163771867752,0.8322367668151855,-0.0945003703236579,0.6529516577720642,0.8788461685180664,0.9006122946739197,-0.4676826894283294,0.9244048595428468,0.0,0.9244048595428468,0.4920652270317078,0.8811516761779785,-0.0935628861188888,0.809474527835846,0.8968435525894165,0.8066364478666793,1.006346081679341,0.9444875261714728,0.7888654544949532,0.827663204073906,2.757470055717493,-55.13967974217496,0.6140081584453583,7,0.5265319001460241,2843.5219108458864,-1.9391332815779885
boltz_results_AcrR_833,0.8841906785964966,-0.4682355523109436,0.93046897649765,0.9507958889007568,0.9253313541412354,0.4799416154623032,0.830062747001648,-0.1000786647200584,0.7292413711547852,0.8909083604812622,0.9050514101982116,-0.4671617448329926,0.923677146434784,0.0,0.923677146434784,0.4952172368764878,0.8954277634620667,-0.0971778631210327,0.8813966512680054,0.9036664366722108,0.8273702539097184,1.001790893834319,0.9270013516135656,0.8025357589125632,0.8345440655946734,2.756162499357603,-56.75230365403149,0.4275213330984115,10,0.490098346974394,2714.5820665559227,-2.0906460833595264
boltz_results_AcrR_453,0.8749662637710571,-0.4667920768260956,0.92700457572937,0.9436853528022766,0.9228121042251588,0.4740761607885361,0.8165799379348755,-0.1018583700060844,0.7606573700904846,0.8816544413566589,0.9004112482070923,-0.4638017117977142,0.915892779827118,0.0,0.915892779827118,0.4930974841117859,0.8882112503051758,-0.0989578664302825,0.9249345660209656,0.8987390995025635,0.8223904674282037,1.0075547318970532,0.9193532930981352,0.7870801553130149,0.8290770053863525,2.7492984924233923,-58.585533850561774,0.519641250371933,2,0.5615060376934347,2548.9071061893824,-2.298457001759753
boltz_results_AcrR_262,0.8729379773139954,-0.4597696363925934,0.9088374972343444,0.9078308939933776,0.9090918898582458,0.4751796871423722,0.7845161557197571,-0.1239098384976387,1.114304780960083,0.8935459852218628,0.9102224707603456,-0.4531362354755402,0.8909545540809631,0.0,0.8909545540809631,0.5032716810703278,0.9049004912376404,-0.115619845688343,1.3164881467819214,0.9164069890975952,0.8464221904951716,1.020357195206204,0.8669640068896055,0.7850461974740028,0.8509225890040399,2.733743392590981,-67.05013093688069,0.645016223192215,8,0.5283826273051669,3053.568694823654,-2.195795727489042
boltz_results_AcrR_488,0.8844972848892212,-0.4732661843299866,0.9409531354904176,0.9611531496047974,0.935951828956604,0.4787107944488525,0.8465538620948792,-0.0906498655676841,0.6023947596549988,0.8832138776779175,0.9037629961967468,-0.468255341053009,0.9261897802352904,0.0,0.9261897802352904,0.4939859569072723,0.8865489363670349,-0.0933156907558441,0.787838876247406,0.899924099445343,0.7646166974195217,1.0105400091100485,0.954886783310518,0.7980086222290992,0.8323390245437623,2.730043489840088,-58.71410819088442,0.6022695899009705,4,0.4987985294053665,2656.0529698105597,-2.210577456784386
boltz_results_AcrR_769,0.8923733830451965,-0.4623548686504364,0.9163239598274232,0.9293723106384276,0.9130259156227112,0.487512156367302,0.855374813079834,-0.1135069951415062,0.946994423866272,0.9004107117652893,0.9081329703330994,-0.454655647277832,0.89411860704422,0.0,0.89411860704422,0.5014000922441483,0.900864839553833,-0.1132968291640281,1.2564418315887451,0.9144006967544556,0.7537113140119004,1.0211463092586732,0.9495040493571392,0.8120610043406487,0.8478483125567435,2.724361672627713,-72.37524948029238,0.7145116329193115,2,0.5106400662287296,3147.1923834759305,-2.299676685171601
boltz_results_AcrR_68,0.8725374341011047,-0.4674316346645355,0.928455412387848,0.947498083114624,0.9236423373222352,0.4722068339586258,0.8244367837905884,-0.1051909402012825,0.7768955230712891,0.8740327954292297,0.8984033465385437,-0.4622001647949219,0.9129247069358826,0.0,0.9129247069358826,0.4921251863241196,0.886987030506134,-0.1038103699684143,1.0002988576889038,0.8965098857879639,0.77666341123915,1.0117398842477656,0.929480088699997,0.7736170545220376,0.8226245373487473,2.717883384186913,-58.40470021152044,0.607275515794754,7,0.49775325344683,2827.15107928505,-2.065849987270232
boltz_results_AcrR_357,0.8804850578308105,-0.4678966999053955,0.9297006726264954,0.9494122266769408,0.9247186183929444,0.4774996429681778,0.8198938369750977,-0.0996796488761901,0.7304003834724426,0.887871503829956,0.9058948755264282,-0.4654052257537842,0.919892191886902,0.0,0.919892191886902,0.4963175505399704,0.8860380053520203,-0.0975774899125099,0.9318692088127136,0.904642641544342,0.7838013924754949,1.0052467305936603,0.9253483846320524,0.7977947980165481,0.8379774764180183,2.714396507701208,-53.848771362708135,0.593299388885498,4,0.4919464379155247,2490.644098463268,-2.1620419953189187
boltz_results_AcrR_67,0.8752632141113281,-0.464862734079361,0.9233719110488892,0.9458147883415222,0.91769939661026,0.4747798055410385,0.8269098401069641,-0.1044462919235229,0.7769848704338074,0.8786057233810425,0.8994113802909851,-0.4639268815517426,0.9168698787689208,0.0,0.9168698787689208,0.4922757238149643,0.890458345413208,-0.1037708595395088,0.9925960302352904,0.8977242112159729,0.7827805539879367,1.0009047279887229,0.9286339382031904,0.7840765029191972,0.8223021939396857,2.71231922017985,-64.14552107792724,0.6594978272914886,2,0.4953236088267834,2617.8128369274395,-2.450347869529728
boltz_results_AcrR_584,0.8742327094078064,-0.4671480357646942,0.9277594089508056,0.9493003487586976,0.9223149418830872,0.4734680444002151,0.8179844617843628,-0.1029243543744087,0.732962965965271,0.8779008984565735,0.904242217540741,-0.4666992723941803,0.9231762886047364,0.0,0.9231762886047364,0.4947297930717468,0.8915402889251709,-0.0999969318509101,0.9274039268493652,0.9011359810829164,0.7903384326345682,0.9990669748212976,0.9174957900898836,0.7812965527176856,0.8291695699095727,2.7069011975457493,-79.2648412663143,0.6593465209007263,8,0.4974896499925719,3238.96559648505,-2.44722702063687
boltz_results_AcrR_355,0.8878342509269714,-0.4722565710544586,0.93926340341568,0.9595739245414734,0.9342869520187378,0.4812373131513596,0.8382443785667419,-0.094564713537693,0.6398200988769531,0.8899985551834106,0.9047895669937134,-0.4676128029823303,0.9238651990890504,0.0,0.9238651990890504,0.4950113624334336,0.8867799043655396,-0.0940232425928115,0.8562825918197632,0.9024448394775392,0.747206710715926,1.011280599096019,0.9452676751470556,0.8044145837426186,0.835820156335831,2.703754984959001,-67.21404522076273,0.6177867650985718,5,0.5410817910060634,3146.7167153201,-2.1360055989001023
boltz_results_AcrR_712,0.8795785903930664,-0.4664465188980102,0.9257965683937072,0.9497506022453308,0.9197821021080016,0.4774132609367371,0.838335394859314,-0.1015972718596458,0.7338443398475647,0.8823392391204834,0.9071399569511414,-0.4641167223453522,0.9171253442764282,0.0,0.9171253442764282,0.4975540101528168,0.901922047138214,-0.1006852462887764,0.955321490764618,0.9067919850349426,0.7681647978631906,1.0028968317669482,0.929498727211892,0.7917087092995643,0.8395440265536309,2.700560356842031,-64.33357426333396,0.6190724074840546,3,0.570459774365058,2771.6956624928257,-2.3210908446374376
boltz_results_AcrR_324,0.8822442293167114,-0.4682585299015045,0.9306672215461732,0.9469260573387146,0.9265577793121338,0.4785761564970017,0.8315865993499756,-0.1016270816326141,0.7454051971435547,0.8871251940727234,0.9036657214164734,-0.4599142670631408,0.9084509015083312,0.0,0.9084509015083312,0.4963581681251525,0.8849079608917236,-0.1034627705812454,1.0155420303344729,0.9052698612213136,0.7339973874818874,1.019931597595136,0.9397436073600062,0.7958157390356064,0.83825099170208,2.693672592437029,-68.73898670197764,0.6243880391120911,7,0.4915874691876088,3066.554231468191,-2.241570880977608
boltz_results_AcrR_193,0.878804624080658,-0.4737811982631684,0.9427820444107056,0.9656240344047546,0.9370086193084716,0.4745456397533417,0.8243523240089417,-0.0909001976251602,0.5973078608512878,0.8774183988571167,0.8989538550376892,-0.4709136486053467,0.9316933751106262,0.0,0.9316933751106262,0.4899229198694229,0.8869587779045105,-0.0903973504900932,0.7975683212280273,0.8926325440406799,0.7489112154449721,1.0057049286169006,0.9294144717260928,0.7872826427221298,0.8212444648146628,2.684030615787965,-60.59843100231262,0.621685802936554,4,0.5434228614310871,2641.3351977619272,-2.294234789043786
boltz_results_AcrR_387,0.8842463493347168,-0.4706871211528778,0.9354608654975892,0.9515586495399476,0.9313921928405762,0.4792934715747833,0.8202935457229614,-0.0951715186238288,0.675643801689148,0.887351930141449,0.8878734707832336,-0.4631045460700989,0.9140560626983644,0.0,0.9140560626983644,0.484730327129364,0.8586354851722717,-0.0977247357368469,0.9576693177223206,0.8835946917533875,0.7055084559836061,1.0189661562891823,0.9553454986295872,0.8007867619395257,0.8074957370758056,2.679820110902376,-56.45921402929935,0.4978876262903213,5,0.5249860661003993,2767.812289393099,-2.039849820945741
boltz_results_AcrR_451,0.8827252388000488,-0.4710936844348908,0.9356590509414672,0.9531330466270448,0.9312852621078492,0.4782204985618591,0.8372809886932373,-0.0942304134368896,0.6530613303184509,0.8837105631828308,0.8981894850730896,-0.4647607505321502,0.917009711265564,0.0,0.917009711265564,0.4914164274930954,0.8838514089584351,-0.0984262004494667,0.9126943349838256,0.8958876729011536,0.7155312630816584,1.015567502357836,0.9473096724255062,0.7966069638729096,0.824117149412632,2.678408437865001,-61.92578414160676,0.5399641394615173,5,0.5092747100075499,2845.7610441638944,-2.176071117025253
boltz_results_AcrR_101,0.8772236704826355,-0.4696807861328125,0.9333621263504028,0.9516866207122804,0.9287305474281312,0.4747540056705475,0.8238703012466431,-0.0993179380893707,0.726479172706604,0.8801605105400085,0.901419162750244,-0.462153673171997,0.9130743741989136,0.0,0.9130743741989136,0.4941779315471649,0.8932784199714661,-0.1035472527146339,0.9922172427177428,0.9011300206184388,0.7321775327313742,1.0171466571307004,0.9222995684514128,0.7859157919883728,0.8296070262789728,2.6716237583134874,-61.37041272717261,0.5379785895347595,5,0.5574039888518716,2703.7606606136706,-2.2698167637827606
boltz_results_AcrR_773,0.8814771771430969,-0.4611644446849823,0.9134061336517334,0.933269739151001,0.908620834350586,0.4804222404956818,0.8243058323860168,-0.1091524586081504,0.884089469909668,0.8928682208061218,0.9109393358230592,-0.4598364233970642,0.9061866402626038,0.0,0.9061866402626038,0.5016701221466064,0.9060075879096984,-0.1076644510030746,1.1651065349578855,0.91461843252182,0.758805691482646,1.0026861950726584,0.909822217149218,0.8029735580086708,0.8487876802682877,2.6713141037045225,-61.61829039522093,0.6218203008174896,6,0.56568321398582,2841.124425744102,-2.168799431551923
boltz_results_AcrR_997,0.8732314109802246,-0.4734213054180145,0.9411696791648864,0.9610074162483216,0.9361557364463806,0.4709357887506485,0.8118248581886292,-0.0919263884425163,0.6211642026901245,0.8733615279197693,0.8977913856506348,-0.4672928750514984,0.9234394431114196,0.0,0.9234394431114196,0.4902586787939072,0.8731705546379089,-0.0943461656570434,0.8546897768974304,0.8937004804611206,0.7267715368551426,1.0137705763272522,0.9297437412159196,0.7789496228098869,0.8223201185464859,2.6702858543983146,-60.1650119564888,0.6040596067905426,7,0.6025918165388382,2867.757180502173,-2.0979813899708657
boltz_results_AcrR_965,0.8778513073921204,-0.4707746505737304,0.932298183441162,0.9551168084144592,0.9265308380126952,0.4753317326307297,0.8152201175689697,-0.093497097492218,0.6594348549842834,0.8835147619247437,0.8964910507202148,-0.4653747379779816,0.91908597946167,0.0,0.91908597946167,0.4899632751941681,0.8793139457702637,-0.0973081961274147,0.8975017666816711,0.8937125205993652,0.7347449102216352,1.0081002851935417,0.92710927819398,0.7945747464895248,0.8209928616881372,2.669954473609157,-48.0778804465433,0.6313021779060364,4,0.573837933729899,2347.1736977757705,-2.0483307431445263
boltz_results_AcrR_327,0.888748288154602,-0.4766039252281189,0.9477081894874572,0.9627257585525512,0.9439124464988708,0.4807045638561249,0.8386737108230591,-0.0889519825577735,0.6035411357879639,0.8900934457778931,0.9056972861289978,-0.4689177572727204,0.9288793802261353,0.0,0.9288793802261353,0.4949459284543991,0.8976693749427795,-0.095548391342163,0.8396714925765991,0.9021806716918944,0.7187824537617082,1.016184088690908,0.9342790722659096,0.8052421018481255,0.8326604515314102,2.669245614718526,-56.47851088064522,0.6414760947227478,4,0.5499129642561509,2644.581766152261,-2.135631108234506
boltz_results_AcrR_99,0.8781006932258606,-0.4739985466003418,0.9424836039543152,0.958976149559021,0.9384811520576476,0.4741027474403381,0.8234671950340271,-0.0931808352470398,0.6404461860656738,0.8781319856643677,0.8976241946220398,-0.4675281941890716,0.92523992061615,0.0,0.92523992061615,0.4898961365222931,0.8801937103271484,-0.0980382412672042,0.8913076519966125,0.8935938477516174,0.7185467157507449,1.0143111328710068,0.9355522373909746,0.7850553512573242,0.8179235488176346,2.6684100860127264,-61.44947284995101,0.6182826161384583,3,0.5633268359939462,2807.3643901534538,-2.1888670051340258
boltz_results_AcrR_65,0.8779246211051941,-0.4680571854114532,0.9303438067436218,0.953255295753479,0.9245529174804688,0.4756509363651276,0.820678174495697,-0.1002780124545097,0.7295415997505188,0.8825286030769348,0.9030162692070008,-0.4640395939350128,0.9163910746574402,0.0,0.9163910746574402,0.4948199450969696,0.8927249312400818,-0.1024385616183281,0.9889414310455322,0.9020446538925172,0.7376995005449718,1.0089065062381577,0.9192956819920948,0.7898443415760994,0.8303864434361459,2.6659016887752243,-61.09935144260703,0.6369074583053589,3,0.507454071701725,2492.554582404614,-2.451274362211292
boltz_results_AcrR_8,0.8854119181632996,-0.4674381017684936,0.9284911155700684,0.9552634954452516,0.9218034744262696,0.4810531735420227,0.8437495231628418,-0.1003212630748748,0.703744649887085,0.8876917362213135,0.9055882692337036,-0.4663191437721252,0.9222754836082458,0.0,0.9222754836082458,0.4957790642976761,0.8858017325401306,-0.100372776389122,0.9869542121887208,0.9043009877204896,0.7130469085555898,0.9994882123721542,0.9525263861736872,0.8009855449199677,0.8333881318569185,2.665061507101432,-52.34714246768226,0.5931164026260376,6,0.482811283265264,2428.310540771425,-2.155702147183063
boltz_results_AcrR_964,0.8833670020103455,-0.4673181176185608,0.9268601536750792,0.9423800706863404,0.9230210185050964,0.4798715263605118,0.8450014591217041,-0.1003028154373169,0.7302432060241699,0.8863356113433838,0.9052165150642396,-0.4627610445022583,0.9138773083686828,0.0,0.9138773083686828,0.4966781914234162,0.908569037914276,-0.1027935147285461,1.008670687675476,0.905439794063568,0.7239659236128354,1.0100054023146017,0.9300354996264252,0.7985862046480179,0.8365634262561799,2.6640068255538623,-55.26517880128642,0.6245967447757721,2,0.4673990537473156,2800.588114426,-1.9733419033170967
boltz_results_AcrR_611,0.8765641450881958,-0.4695318341255188,0.9325972199440002,0.9540497660636902,0.927235782146454,0.4744056910276413,0.8280969262123108,-0.0991082638502121,0.6881858110427856,0.8785876035690308,0.9003836512565613,-0.4662715494632721,0.9222634434700012,0.0,0.9222634434700012,0.492202553153038,0.8900542855262756,-0.0996413081884384,0.9460020661354064,0.897642970085144,0.7274675560214706,1.00539145155504,0.9303892354415996,0.7843531966209412,0.8239326655864716,2.66324824301811,-66.91892070087454,0.6693526804447174,6,0.5273778023297168,2760.809384601529,-2.423887758210189
boltz_results_AcrR_420,0.8859699368476868,-0.4652306139469146,0.9217386841773988,0.9466686248779296,0.9154744744300842,0.4823652297258377,0.8361803293228149,-0.1025481894612312,0.7439675331115723,0.8883527517318726,0.8977288603782654,-0.461356371641159,0.9113537073135376,0.0,0.9113537073135376,0.4918774485588074,0.8929504156112671,-0.1019049733877182,1.031506896018982,0.8964179754257202,0.7212433925384845,1.0045215892396968,0.936424144839453,0.8029391780495643,0.8250340789556505,2.6621891266176343,-73.60705238427431,0.6447279155254364,11,0.5314577614625141,3168.8143134655643,-2.322857861108756
boltz_results_AcrR_487,0.8841165900230408,-0.4724580347537994,0.9391933679580688,0.9571100473403932,0.9346649646759032,0.4786910593509674,0.8364706039428711,-0.0922753512859344,0.629422664642334,0.8854047060012817,0.8981267213821411,-0.4656908512115478,0.9204513430595398,0.0,0.9204513430595398,0.490900069475174,0.875840961933136,-0.0970631688833236,0.9126078486442566,0.8946850895881653,0.6896967471596763,1.0154420130119186,0.9550485080038188,0.7993623793125153,0.8228311389684677,2.660187268175414,-72.10634152788316,0.6461217105388641,9,0.542390754658772,3037.66836524406,-2.373739752268507
boltz_results_AcrR_71,0.8693825602531433,-0.466339111328125,0.926237165927887,0.9448642730712892,0.9215291738510132,0.4703429162502289,0.8139753341674805,-0.1033556088805198,0.7646140456199646,0.8719423413276672,0.903167188167572,-0.463011771440506,0.9146194458007812,0.0,0.9146194458007812,0.4951672434806824,0.8952379822731018,-0.105499617755413,1.031096339225769,0.9023888111114502,0.7415544178869833,1.0075547574261143,0.9092278816194918,0.7725905373692512,0.8290446653962136,2.6583370569325893,-63.21993994915465,0.6624376475811005,2,0.5172730438247809,2558.416676123723,-2.471057218284696
boltz_results_AcrR_260,0.8929353952407837,-0.469447672367096,0.931176483631134,0.9376054406166076,0.9295515418052672,0.4858562767505646,0.824568510055542,-0.1020853146910667,0.8025512099266052,0.905902624130249,0.9097421765327454,-0.4595199525356292,0.9063670635223388,0.0,0.9063670635223388,0.5008222997188568,0.9075905680656432,-0.1059039160609245,1.1119067668914795,0.9125236868858336,0.7217792298991675,1.0255795683846107,0.908524767740759,0.8202259138226511,0.8479221180081367,2.655883566024537,-56.182292156734775,0.6060840487480164,6,0.4979004805632115,2834.373647337765,-1.982176633963027
boltz_results_AcrR_5,0.8908368349075317,-0.4660416841506958,0.9246655702590942,0.9423485994338988,0.9201961159706116,0.485308775305748,0.8543692231178284,-0.1076584607362747,0.8341196179389954,0.8936712145805359,0.9082939028739928,-0.4583803117275238,0.9027373790740968,0.0,0.9027373790740968,0.5003256767988206,0.9045137763023376,-0.110813207924366,1.2055693864822388,0.9116101264953612,0.6918885194761738,1.0193397740042862,0.9445618690413972,0.8052798449993133,0.842742283642292,2.6557901625218574,-30.018638136417398,0.5118985027074814,2,0.5848169896186026,1663.374198645339,-1.8046834056260304
boltz_results_AcrR_483,0.8792980313301086,-0.4747275412082672,0.944881558418274,0.964978039264679,0.9398126602172852,0.4745961576700211,0.8396415114402771,-0.0887506902217865,0.5697121024131775,0.87563157081604,0.8986685872077942,-0.4666228294372558,0.9223448634147644,0.0,0.9223448634147644,0.4910122185945511,0.8795365691184998,-0.0952435135841369,0.8371214866638184,0.8947113156318665,0.6805608403191896,1.0189384659636422,0.9546408198601604,0.7867494970560074,0.8238571912050248,2.654140126142992,-63.42743858542076,0.6352594196796417,5,0.4943328339020448,2766.7067047606606,-2.2925248446566973
boltz_results_AcrR_999,0.8788625001907349,-0.4710744023323059,0.9364575743675232,0.959839642047882,0.9305477738380432,0.4754550606012345,0.8261816501617432,-0.093874379992485,0.6262020468711853,0.8806687593460083,0.901160717010498,-0.4664675891399384,0.9216271042823792,0.0,0.9216271042823792,0.4928242415189743,0.8856820464134216,-0.0956967547535896,0.8802610039710999,0.898253858089447,0.7113822423647252,1.009679261291485,0.932819687953904,0.7911750376224518,0.8289137557148933,2.6538811916101146,-73.05730614722302,0.6664648950099945,6,0.5613747965792613,3001.486790036024,-2.4340372374701063
boltz_results_AcrR_644,0.8704549074172974,-0.4680298566818238,0.928517997264862,0.9458995461463928,0.924234926700592,0.4707665324211121,0.8158218264579773,-0.1001258864998817,0.7364205121994019,0.8697187900543213,0.8989824652671814,-0.4636676609516144,0.9154812097549438,0.0,0.9154812097549438,0.4921717375516892,0.8874520063400269,-0.1015991121530532,1.020488977432251,0.89634108543396,0.7216349499946382,1.009561875058027,0.9192855733376928,0.7723295792937279,0.8232460498809815,2.650482398390358,-53.73546782983328,0.5507611930370331,7,0.5376331476459298,2976.728262912972,-1.805185528666588
boltz_results_AcrR_38,0.8644232153892517,-0.4645611047744751,0.9196395874023438,0.9298760890960692,0.9170523285865784,0.467840525507927,0.7895867824554443,-0.1153195053339004,0.953381597995758,0.8756758570671082,0.9031591415405272,-0.4560518264770508,0.8988237380981445,0.0,0.8988237380981445,0.4973336786031723,0.8972216248512268,-0.1141347661614418,1.2709579467773438,0.9060250520706176,0.7501283582302339,1.0202804951802946,0.8800353899031023,0.7636357724666596,0.8331721380352972,2.650444243313631,-64.4831809606527,0.6059838533401489,9,0.5010798641518555,3215.871143841038,-2.0051543757948576
boltz_results_AcrR_899,0.876599907875061,-0.4665336012840271,0.9257354140281676,0.9440540075302124,0.9211053848266602,0.4753738254308701,0.8042783737182617,-0.1023329496383667,0.7505618929862976,0.8836506009101868,0.8914929628372192,-0.4593843221664428,0.9043267965316772,0.0,0.9043267965316772,0.488556444644928,0.8761506676673889,-0.1049974858760833,1.052509307861328,0.8907611966133118,0.7131166322048214,1.0185536781165094,0.9179681114202928,0.7901578754186631,0.8149358332157135,2.649638421741624,-68.00528222636694,0.5803458094596863,6,0.5137719608796968,2919.313361091025,-2.3294958031141806
boltz_results_AcrR_835,0.8831475377082825,-0.4706636667251587,0.9348419904708862,0.950553059577942,0.9308710694313048,0.478623166680336,0.8291892409324646,-0.0971764624118805,0.6938334107398987,0.8869208097457886,0.904167652130127,-0.4629079699516296,0.9142098426818848,0.0,0.9142098426818848,0.4959114074707032,0.8967631459236145,-0.1031467095017433,0.9818444848060608,0.904264271259308,0.7066632460403832,1.018224729128428,0.9246468754895668,0.7977038472890854,0.8341209992766383,2.649534850658378,-62.36584758764889,0.525748074054718,3,0.5275295234605706,2824.496309380464,-2.2080343097112585
boltz_results_AcrR_103,0.8729189038276672,-0.4715226292610168,0.9379474520683287,0.9547145962715148,0.9337096214294434,0.4711639553308487,0.8184072375297546,-0.096861146390438,0.6836594939231873,0.8743835687637329,0.8980266451835632,-0.464262068271637,0.9174584150314332,0.0,0.9174584150314332,0.4912428110837937,0.8808028697967529,-0.1019381359219551,0.9761889576911926,0.895220935344696,0.7003352051227114,1.017713289378302,0.929160502983606,0.7771637484431266,0.8202635422348976,2.64720899748462,-58.12491814022735,0.5654253363609314,6,0.5000664111824563,2726.297088832217,-2.132009691032044
boltz_results_AcrR_933,0.8588800430297852,-0.4610589146614074,0.9141789078712464,0.9397033452987672,0.907727599143982,0.464780405163765,0.7827897667884827,-0.1067578867077827,0.8097171783447266,0.8643500804901123,0.8892946243286133,-0.4593790769577026,0.9055919647216796,0.0,0.9055919647216796,0.4868711262941361,0.8698897957801819,-0.105032093822956,1.0875403881072998,0.8876000046730042,0.7445398692308957,1.002358274482878,0.8998723408249876,0.761313684284687,0.8100599601864815,2.646770484538761,-57.77661186765067,0.5495758354663849,2,0.5214062952950106,2718.0805751630346,-2.125640144578317
boltz_results_AcrR_360,0.8801143765449524,-0.4714641273021698,0.937249481678009,0.9501463174819946,0.9339898824691772,0.4762068301439285,0.8367496132850647,-0.096410758793354,0.6856041550636292,0.8819339275360107,0.9042126536369324,-0.4592505097389221,0.9060497283935548,0.0,0.9060497283935548,0.4970643699169159,0.893252968788147,-0.1034614369273185,1.009634494781494,0.9054245948791504,0.6790617382897642,1.0308373295637547,0.936744284679245,0.7902658715844155,0.8397770181298256,2.646643352532764,-54.827267653416015,0.5775031447410583,4,0.5574986491689581,2687.253398604459,-2.04027159038626
boltz_results_AcrR_455,0.8859826922416687,-0.4758556187152862,0.94630229473114,0.9641510844230652,0.9417909979820251,0.4789965599775315,0.8395241498947144,-0.0883987173438072,0.5794050097465515,0.8839800357818604,0.8975629210472107,-0.4650380611419678,0.9190383553504944,0.0,0.9190383553504944,0.4907066851854325,0.8856006860733032,-0.0973177403211593,0.8632034063339233,0.8947919607162476,0.6712265098759508,1.024757010955058,0.9479714312520586,0.7987222597002983,0.8231428444385529,2.6439549520830674,-66.13915790660951,0.5821614265441895,13,0.5657897663007782,3047.3966288121856,-2.1703495134596
boltz_results_AcrR_579,0.8746671676635742,-0.4731762111186981,0.9403324127197266,0.9578967094421388,0.9358929991722108,0.4720380038022995,0.8197542428970337,-0.0954707339406013,0.6585283875465393,0.8742959499359131,0.900033175945282,-0.4653566777706146,0.9202154278755188,0.0,0.9202154278755188,0.4922432035207749,0.8859429359436035,-0.102163515985012,0.93873393535614,0.8974697589874268,0.7015069581954599,1.017036849004897,0.9252901170479187,0.7776870086789132,0.822192768752575,2.643833924248276,-58.752620744912406,0.6396942436695099,6,0.4511690824092685,2899.556350313733,-2.0262624224756087
boltz_results_AcrR_228,0.8748961687088013,-0.474020391702652,0.9426615834236144,0.9580994844436646,0.9387876987457277,0.4718751400709152,0.8216223120689392,-0.0931112542748451,0.6416325569152832,0.8746545910835266,0.8969144821166992,-0.4623342156410218,0.9138169288635254,0.0,0.9138169288635254,0.4909788459539413,0.8846229910850525,-0.1006388440728187,0.9379886388778688,0.8954249024391174,0.6840515229298286,1.027325790422002,0.928782453484689,0.7793980851769446,0.8234306886792182,2.64015976683652,-3.1866548435647246,0.5729166865348816,0,0.5072323622031095,364.2414494598618,-0.874874303374933
boltz_results_AcrR_613,0.8626033663749695,-0.4676792025566101,0.9276723265647888,0.9434651136398317,0.9239635467529296,0.4654849022626877,0.7713134288787842,-0.1041134223341941,0.8045428395271301,0.8735403418540955,0.8980780839920044,-0.4628633856773376,0.9133855104446412,0.0,0.9133855104446412,0.4918381750583649,0.8829059600830078,-0.1056837365031242,1.0690451860427856,0.8962510228157043,0.7525807608799526,1.0115811299690305,0.8736076816224776,0.7672326192259789,0.8195420756936074,2.6377695724714605,-47.963326829690914,0.6239931285381317,2,0.5631893172746691,2381.942293206484,-2.0136225368048035
boltz_results_AcrR_961,0.8830900192260742,-0.4702505767345428,0.933734893798828,0.9566738605499268,0.927952766418457,0.4787358075380326,0.8406751155853271,-0.0949706584215164,0.6494153141975403,0.8833955526351929,0.8996807336807251,-0.4622982144355774,0.9127790331840516,0.0,0.9127790331840516,0.4930233955383301,0.8915934562683105,-0.0997953489422798,0.9592894315719604,0.899720311164856,0.6769753661659358,1.0166236654028684,0.9428906298885392,0.7969101250171662,0.8306501433253288,2.636489661457344,-57.395410515181766,0.6353515982627869,4,0.5640772479559987,2573.783904579569,-2.230001143959962
boltz_results_AcrR_866,0.8817273378372192,-0.4712519943714142,0.9359291791915894,0.9525258541107178,0.9317343831062316,0.4774972498416901,0.8287802338600159,-0.0958878472447395,0.6776589751243591,0.8852008581161499,0.9075431823730468,-0.4627037346363068,0.9134772419929504,0.0,0.9134772419929504,0.4983327925205231,0.8919585347175598,-0.1022492423653602,0.98667973279953,0.9079485535621644,0.6868074336559251,1.0199864214169685,0.9291690158247664,0.7955582663416862,0.8413283690810205,2.63596287089766,-58.637758202818304,0.6221401393413544,2,0.5340463451323272,2613.946056091136,-2.243265811326823
boltz_results_AcrR_615,0.8557657599449158,-0.4704743027687073,0.9344393014907836,0.9446843266487122,0.9321250319480896,0.4598535478115082,0.7632738351821899,-0.0992842316627502,0.7380481362342834,0.8646529316902161,0.8990732431411743,-0.4634517729282379,0.9160177111625672,0.0,0.9160177111625672,0.4921603947877884,0.883232057094574,-0.1023135557770729,0.9802004098892212,0.8975551128387451,0.7529563636049643,1.017584071344079,0.8641826675687121,0.7547479450702668,0.8239501789212227,2.6347231025177558,-67.11645915956967,0.6625531315803528,4,0.4986783688902383,2841.082188776203,-2.362355423039701
boltz_results_AcrR_263,0.8795389533042908,-0.4734219908714294,0.9400124549865724,0.9462305903434752,0.9387089014053344,0.4754313260316849,0.7941315174102783,-0.0959398597478866,0.7180922627449036,0.8911644220352173,0.9126178622245787,-0.4668928682804108,0.9225523471832277,0.0,0.9225523471832277,0.5005738407373429,0.9089356660842896,-0.0983920618891716,0.9662153720855712,0.9125719666481018,0.7432010331142889,1.0175128861483431,0.8736938675004475,0.7972338974475861,0.8478608772158625,2.63440778676308,-64.72313892974898,0.6439341008663177,2,0.5675383720958275,2793.685569944931,-2.3167653377335804
boltz_results_AcrR_323,0.8916918635368347,-0.474294662475586,0.9428629875183104,0.9565208554267884,0.9394109845161438,0.4833945035934449,0.843599796295166,-0.0922344774007797,0.6410636305809021,0.8940311074256897,0.904798150062561,-0.4634548723697662,0.9151881337165833,0.0,0.9151881337165833,0.4962103188037873,0.8918956518173218,-0.1013872995972633,0.9719467163085938,0.9049819111824036,0.6595666406648613,1.0264676189596027,0.9458503296616052,0.8108964711427689,0.8363500580191614,2.631884589286069,-62.93483864689472,0.5354591012001038,4,0.5622252781175713,2862.625268668741,-2.198500772550033
boltz_results_AcrR_547,0.8754492998123169,-0.4717254638671875,0.937566876411438,0.9536405801773072,0.9335042238235474,0.4729559153318405,0.8073882460594177,-0.0980743989348411,0.697970449924469,0.8784481287002563,0.9045565724372864,-0.4666443765163422,0.9229646921157836,0.0,0.9229646921157836,0.4949749737977982,0.8960520029067993,-0.0999326258897781,0.9765534996986388,0.9026393294334412,0.7147283278794868,1.0114192144052696,0.9010506571496344,0.7816041812300683,0.8310373008251191,2.6271981994343907,-63.36428840221606,0.6484405100345612,4,0.4263393984170193,3105.691153306081,-2.040263673184737
boltz_results_AcrR_967,0.8774634599685669,-0.4717014133930206,0.9377135634422302,0.9614588618278505,0.9317119121551514,0.4743205219507218,0.8262972831726074,-0.0925909802317619,0.6094055771827698,0.8779606223106384,0.8990031480789185,-0.4635718762874604,0.915168285369873,0.0,0.915168285369873,0.4922290086746216,0.8790689706802368,-0.0986306816339492,0.912054717540741,0.8974858522415161,0.668167781452814,1.0180771417123486,0.9399686608585516,0.7879887506365777,0.827512302994728,2.626213584023714,-65.51009473947897,0.6360656321048737,5,0.5968864625063606,2809.1798583703207,-2.3320007276957733
boltz_results_AcrR_581,0.8698030710220337,-0.4672384858131408,0.9275244474411012,0.953380286693573,0.9210623502731324,0.4704549998044968,0.8107072114944458,-0.1005315408110618,0.727435290813446,0.8728689551353455,0.8995992541313171,-0.462897926568985,0.9143136143684388,0.0,0.9143136143684388,0.4927563488483429,0.8743104934692383,-0.1050072163343429,1.052366018295288,0.8983089923858643,0.6912379135842941,1.0073812046530175,0.9272532098723688,0.7755539283156394,0.8231601983308794,2.62587232810968,-56.88483639744118,0.633505642414093,7,0.5526819074307924,2415.9211310291817,-2.3545816817790013
boltz_results_AcrR_968,0.8792814612388611,-0.4658750891685486,0.924324095249176,0.9420719146728516,0.9198383092880248,0.4774113923311234,0.8309515118598938,-0.1018759682774543,0.7497141361236572,0.8854777216911316,0.907066285610199,-0.460311084985733,0.9083945155143738,0.0,0.9083945155143738,0.4987038254737854,0.9104496836662292,-0.1060589253902435,1.07642662525177,0.9090440273284912,0.6964841992349486,1.0125978234987152,0.9126825202616254,0.795138056576252,0.8413778424263001,2.6217645429952894,-68.74581477602578,0.6054807603359222,5,0.5461373812685797,2947.4009059582754,-2.3324215798758043
boltz_results_AcrR_583,0.8727750182151794,-0.4690044820308686,0.931839108467102,0.9512684941291808,0.9270118474960328,0.4719049066305161,0.8109932541847229,-0.0999094098806381,0.7096502780914307,0.8760684728622437,0.9007490277290344,-0.4615514874458313,0.911895990371704,0.0,0.911895990371704,0.4938792496919632,0.8910630941390991,-0.1046368330717086,1.0213454961776731,0.9000334739685059,0.6948190213275097,1.016576295195867,0.9101412229043828,0.7790594875812531,0.8277244031429292,2.62153653942776,-59.44075987926112,0.5854692161083221,2,0.537792259237627,2747.7429267358507,-2.1632576796357394
boltz_results_AcrR_72,0.8750074505805969,-0.4706872403621674,0.9390262365341188,0.9590922594070436,0.9339545369148254,0.4724514901638031,0.8257306218147278,-0.095540814101696,0.6605333685874939,0.8724437952041626,0.9019554257392884,-0.4627513289451599,0.9146971106529236,0.0,0.9146971106529236,0.4943235188722611,0.8869272470474243,-0.1024858057498931,0.989417850971222,0.900400698184967,0.6675979900090826,1.0210533367140031,0.9310015275363116,0.7786672309041023,0.8294870823621752,2.6196528542593973,-58.19659924677103,0.6407319903373718,8,0.4959003409543532,2856.652891594755,-2.037230334074021
boltz_results_AcrR_134,0.8818815350532532,-0.4647619128227234,0.9188029766082764,0.9350772500038148,0.9146895408630372,0.4799581050872803,0.8306772112846375,-0.1036655381321907,0.7966967821121216,0.8870446085929871,0.8982351422309875,-0.4585648477077484,0.90387225151062,0.0,0.90387225151062,0.4932542502880097,0.8924463987350464,-0.108831763267517,1.181208848953247,0.8986973166465759,0.6744757989394772,1.011967719259374,0.9307866696106784,0.7985752627253533,0.8245549559593202,2.617230187809529,-57.99501043174723,0.5962295234203339,9,0.5705106714508956,2842.463085523363,-2.0403083060995675
boltz_results_AcrR_641,0.873482882976532,-0.4679347276687622,0.92678701877594,0.9386810064315796,0.9242735505104064,0.47308629155159,0.792739987373352,-0.1041809096932411,0.8140741586685181,0.8818560838699341,0.8883712887763977,-0.460166335105896,0.9068039059638976,0.0,0.9068039059638976,0.4860697239637375,0.8697298169136047,-0.1080721989274025,1.1860142946243286,0.8868140578269958,0.6863948962152914,1.0192650742146276,0.9114784522238584,0.7828267380595206,0.8046452477574348,2.617138422653777,-75.21330806830213,0.5894259512424469,14,0.5108407242973103,3106.47202912746,-2.421180920448458
boltz_results_AcrR_200,0.8748208284378052,-0.4652122557163238,0.922082245349884,0.9480672478675842,0.9155145287513732,0.4746529698371887,0.8278338313102722,-0.1013620942831039,0.7359630465507507,0.8788286447525024,0.9040852785110474,-0.4623154103755951,0.9136921167373656,0.0,0.9136921167373656,0.4959259301424027,0.8893671035766602,-0.1040934845805168,1.0765583515167236,0.903838038444519,0.6836257835108328,1.00199455810182,0.9308122911012484,0.7869072645902633,0.83335507363081,2.616432632713901,-59.17801926411187,0.6168905198574066,4,0.4784325631829471,2695.1281923201363,-2.19574042647551
boltz_results_AcrR_996,0.8826965689659119,-0.4691958427429199,0.9320793151855468,0.9494358897209167,0.9277772307395936,0.4786929935216904,0.8444539904594421,-0.0972269922494888,0.6982560753822327,0.8838012218475342,0.9004109501838684,-0.4600321650505066,0.9075645208358764,0.0,0.9075645208358764,0.4942423820495606,0.8939999341964722,-0.1042863875627517,1.0758507251739502,0.9010151624679564,0.6490269133474204,1.0222713751360633,0.9445794771992216,0.7960713803768158,0.8309389919042587,2.615877765682705,-63.50701009100794,0.6319557130336761,6,0.4658666705052842,3004.6027612561948,-2.1136574494944647
boltz_results_AcrR_328,0.8638737797737122,-0.4726104736328125,0.939113974571228,0.9524427652359008,0.9357669353485109,0.4647850602865219,0.7630442380905151,-0.0955404937267303,0.6771715879440308,0.8785306811332703,0.9079770445823668,-0.4647755026817322,0.9185061454772948,0.0,0.9185061454772948,0.4979395985603333,0.8894914388656616,-0.0989503562450409,0.9197659492492676,0.9072734117507936,0.7362433763684691,1.018792242116406,0.8578432627340401,0.7751647740602494,0.8414871513843538,2.6128788812189154,-55.00804138259764,0.53825843334198,2,0.5566437746455818,2942.235638943583,-1.8696001317674344
boltz_results_AcrR_356,0.8861145377159119,-0.4715151190757752,0.9389208555221558,0.9612201452255248,0.9332846999168396,0.4801020860671997,0.8430022597312927,-0.0940471589565277,0.6283124685287476,0.8857378959655762,0.8992938995361328,-0.4620399177074432,0.9130218029022216,0.0,0.9130218029022216,0.4927240580320359,0.8775935769081116,-0.1035550758242607,0.997809648513794,0.8987841606140137,0.6296917147119184,1.0221932235902893,0.960583898871857,0.8002777040004729,0.8259132251143457,2.612468837174065,-64.65905183343102,0.5450255274772644,7,0.4688836167863818,2943.448929783419,-2.1967105044417634
boltz_results_AcrR_836,0.8844041228294373,-0.4728028774261474,0.9396737813949584,0.9558831453323364,0.9355769753456116,0.4788226813077927,0.8282554745674133,-0.0935644879937172,0.6465469598770142,0.887132465839386,0.9084553122520448,-0.4627095460891724,0.9140092730522156,0.0,0.9140092730522156,0.4988867193460465,0.8883996605873108,-0.1033913120627403,0.9849281907081604,0.910124897956848,0.6564407090552955,1.023596809057936,0.9323005301688916,0.799587781727314,0.8429107591509819,2.612338048282123,-65.04250158946184,0.6513745188713074,4,0.4401172413595017,3198.1387537811547,-2.0337610903392536
boltz_results_AcrR_966,0.8821995854377747,-0.4765345752239228,0.9482559561729432,0.9656211137771606,0.9438669681549072,0.4761270046234131,0.8353877663612366,-0.0870312973856926,0.5627750158309937,0.8782896399497986,0.9033724069595336,-0.4653509855270386,0.9199212789535522,0.0,0.9199212789535522,0.4945793211460114,0.8940383195877075,-0.0961546152830123,0.8662760853767395,0.901296317577362,0.6496485650833191,1.0260301503500324,0.934398166229029,0.7908507719635964,0.8343700379133223,2.6100768816623807,-61.03200602894708,0.5791312158107758,8,0.5181168137980515,2870.1345283828987,-2.126451057446912
boltz_results_AcrR_322,0.8900346755981445,-0.4743926227092743,0.944233775138855,0.961950957775116,0.93975567817688,0.4820667117834091,0.8396584391593933,-0.0919155180454254,0.6163779497146606,0.8900779485702515,0.907033383846283,-0.4621222913265228,0.9130764603614808,0.0,0.9130764603614808,0.4980374217033387,0.9006865620613098,-0.1011113673448562,0.9511480927467346,0.9078754186630248,0.648035731149582,1.0292190402157964,0.9322426630167018,0.805836519598961,0.8426791816949843,2.60949743438208,-65.01390633933022,0.5661454200744629,6,0.4655995826499445,3058.6989001129277,-2.1255412337883244
boltz_results_AcrR_391,0.8767936825752258,-0.4657337069511414,0.9241207242012024,0.9435881972312928,0.9192003011703492,0.4757290571928024,0.8100046515464783,-0.1011094376444816,0.7530730366706848,0.8825751543045044,0.887769877910614,-0.4563576281070709,0.8978651165962219,0.0,0.8978651165962219,0.4868853211402894,0.8666828274726868,-0.1086740642786026,1.1575952768325806,0.8877111673355103,0.6505495070187639,1.0237621266042811,0.934603324157828,0.7914610669016837,0.8095647960901262,2.608914957780873,-55.77603556493898,0.5410661399364471,2,0.4716469529071527,2653.814969017311,-2.1017303849782887
boltz_results_AcrR_70,0.8756610751152039,-0.4725393652915954,0.9393582940101624,0.9608758687973022,0.9339197278022766,0.472855207324028,0.8296021819114685,-0.0929649397730827,0.6403186917304993,0.8732391595840454,0.9050466418266296,-0.4636476039886474,0.9156972765922546,0.0,0.9156972765922546,0.4963111907243729,0.893875002861023,-0.1015505790710449,0.9699764251708984,0.9043211340904236,0.6601384065779564,1.0199000823479965,0.9280964108585242,0.7805900618433952,0.8354341417551041,2.608134899784477,-53.01636766244246,0.5909824967384338,4,0.5311943843179106,2694.7655827147414,-1.9673832856746336
boltz_results_AcrR_643,0.8724943399429321,-0.4675303399562836,0.928659737110138,0.9510322213172911,0.9230051040649414,0.4721491366624832,0.8169674277305603,-0.0998064056038856,0.7047514915466309,0.8743705749511719,0.8896400332450867,-0.4611422419548034,0.9094794988632202,0.0,0.9094794988632202,0.4865741163492203,0.8683735132217407,-0.1039997935295105,1.0803687572479248,0.8871409296989441,0.6523249462913738,1.0148718087858244,0.940801873032194,0.7791829660534859,0.8085730105638504,2.6079986281093923,-59.09861228364412,0.606788694858551,4,0.4771622527466436,2641.594553688775,-2.237232515531865
boltz_results_AcrR_481,0.883858859539032,-0.4764134883880615,0.9478586912155152,0.9682570695877076,0.9427030682563782,0.4773223876953125,0.8325930833816528,-0.0857301130890846,0.5442745685577393,0.8818919658660889,0.8972879648208618,-0.4663814604282379,0.9224017858505248,0.0,0.9224017858505248,0.4900552302598954,0.8807401061058044,-0.0961658805608749,0.8546510338783264,0.8934424519538879,0.6368383667517165,1.022009153405025,0.9453334503670624,0.7970707520842553,0.8209503412246706,2.604180970523804,-57.20089794934916,0.5622791051864624,3,0.5220916584008678,2652.2440175501406,-2.156698160909992
boltz_results_AcrR_707,0.8737247586250305,-0.4741695821285248,0.9430105090141296,0.958221971988678,0.9391657114028932,0.471021842956543,0.814121663570404,-0.0933180525898933,0.6466617584228516,0.8732405304908752,0.8975577354431152,-0.4638753533363342,0.9155040979385376,0.0,0.9155040979385376,0.4911891132593155,0.883808970451355,-0.1002285405993461,0.9892762303352356,0.8952251076698303,0.6536715819035879,1.0258454478987424,0.9211511659070828,0.776774738729,0.8223103269934655,2.600668195709413,-58.21271973477212,0.5806583166122437,2,0.5210333604384282,2549.3222695978084,-2.283458644244143
